<?xml version="1.0" encoding="UTF-8"?>
<con:soapui-project name="EnterpriseWebservices" resourceRoot="" soapui-version="4.0.1" abortOnError="false" runType="SEQUENTIAL" xmlns:con="http://eviware.com/soapui/config"><con:settings/><con:interface xsi:type="con:WsdlInterface" wsaVersion="NONE" name="MaterialExEndpoint1Binding" type="wsdl" bindingName="{http://www.hmco.com/EAI/Tibco/EnterpriseWebServices}MaterialExEndpoint1Binding" soapVersion="1_1" anonymous="optional" definition="file:/C:/EnterpriseWebservices.wsdl" xmlns:xsi="http://www.w3.org/2001/XMLSchema-instance"><con:settings/><con:definitionCache/><con:endpoints><con:endpoint>http://localhost:9110/BusinessProcesses/V1.1/EnterpriseWebServices.serviceagent/MaterialExEndpoint1</con:endpoint><con:endpoint>http://nepuinf005b:9110/BusinessProcesses/V1.1/EnterpriseWebServices.serviceagent/MaterialExEndpoint1</con:endpoint><con:endpoint>http://neduapp001b:9110/BusinessProcesses/V1.1/EnterpriseWebServices.serviceagent/MaterialExEndpoint1</con:endpoint></con:endpoints><con:operation isOneWay="false" action="/BusinessProcesses/V1.1/EnterpriseWebservices.serviceagent/MaterialExEndpoint1/getMaterialDetail" name="getMaterialDetail" bindingOperationName="getMaterialDetail" type="Request-Response" inputName="" receivesAttachments="false" sendsAttachments="false" anonymous="optional"><con:settings/><con:call name="Request 1"><con:settings/><con:encoding>UTF-8</con:encoding><con:endpoint>http://localhost:9110/BusinessProcesses/V1.1/EnterpriseWebServices.serviceagent/MaterialExEndpoint1</con:endpoint><con:request><![CDATA[<soapenv:Envelope xmlns:soapenv="http://schemas.xmlsoap.org/soap/envelope/" xmlns:mat="http://www.hmco.com/EAI/OTS/Material">
   <soapenv:Header/>
   <soapenv:Body>
      <mat:getMaterialDetailRequest>
         <mat:materialKeyList>
            <!--Zero or more repetitions:-->
            <mat:materialID>?</mat:materialID>
            <!--Zero or more repetitions:-->
            <mat:isbn>?</mat:isbn>
         </mat:materialKeyList>
         <!--Optional:-->
         <mat:customerID>?</mat:customerID>
      </mat:getMaterialDetailRequest>
   </soapenv:Body>
</soapenv:Envelope>]]></con:request><con:wsaConfig mustUnderstand="NONE" version="200508" action="/BusinessProcesses/V1.1/EnterpriseWebservices.serviceagent/MaterialExEndpoint1/getMaterialDetail"/></con:call></con:operation><con:operation isOneWay="false" action="/BusinessProcesses/V1.1/EnterpriseWebservices.serviceagent/MaterialExEndpoint1/getMaterialDetailEx" name="getMaterialDetailEx" bindingOperationName="getMaterialDetailEx" type="Request-Response" inputName="" receivesAttachments="false" sendsAttachments="false" anonymous="optional"><con:settings/><con:call name="Request 1"><con:settings><con:setting id="com.eviware.soapui.impl.wsdl.WsdlRequest@request-headers">&lt;xml-fragment/></con:setting></con:settings><con:encoding>UTF-8</con:encoding><con:endpoint>http://nepuinf005b:9110/BusinessProcesses/V1.1/EnterpriseWebServices.serviceagent/MaterialExEndpoint1</con:endpoint><con:request><![CDATA[<soapenv:Envelope xmlns:soapenv="http://schemas.xmlsoap.org/soap/envelope/" xmlns:mat="http://www.hmco.com/EAI/OTS/MaterialNew">
   <soapenv:Header/>
   <soapenv:Body>
      <mat:getMaterialDetailRequest>
         <mat:materialKeyList>
            <!--Zero or more repetitions:-->
            <mat:materialID>000000000001489048</mat:materialID>
            <!--Zero or more repetitions:-->

         </mat:materialKeyList>
         <!--Optional:-->

      </mat:getMaterialDetailRequest>
   </soapenv:Body>
</soapenv:Envelope>]]></con:request><con:jmsConfig JMSDeliveryMode="PERSISTENT"/><con:jmsPropertyConfig/><con:wsaConfig mustUnderstand="NONE" version="200508" action="/BusinessProcesses/V1.1/EnterpriseWebservices.serviceagent/MaterialExEndpoint1/getMaterialDetailEx"/><con:wsrmConfig version="1.2"/></con:call></con:operation></con:interface><con:interface xsi:type="con:WsdlInterface" wsaVersion="NONE" name="TransactionExEndpoint1Binding" type="wsdl" bindingName="{http://www.hmco.com/EAI/Tibco/EnterpriseWebServices}TransactionExEndpoint1Binding" soapVersion="1_1" anonymous="optional" definition="file:/C:/EnterpriseWebservices.wsdl" xmlns:xsi="http://www.w3.org/2001/XMLSchema-instance"><con:settings/><con:definitionCache type="TEXT" rootPart="file:/C:/EnterpriseWebservices.wsdl"><con:part><con:url>file:/C:/EnterpriseWebservices.wsdl</con:url><con:content><![CDATA[<!--Created by TIBCO WSDL-->
<wsdl:definitions name="Untitled" targetNamespace="http://www.hmco.com/EAI/Tibco/EnterpriseWebServices" xmlns:tns="http://www.hmco.com/EAI/Tibco/EnterpriseWebServices" xmlns:ns4="http://www.hmco.com/EAI" xmlns:soap1="http://schemas.xmlsoap.org/wsdl/soap12/" xmlns:ns0="http://www.hmco.com/EAI/OTS/TransactionNew" xmlns:ns1="http://www.hmco.com/EAI/OTS/Transaction" xmlns:ns3="http://www.hmco.com/EAI/OTS/Material" xmlns:ns5="http://www.hmco.com/EAI/OTS/Customer" xmlns:ns2="http://www.hmco.com/EAI/OTS/MaterialNew" xmlns:soap="http://schemas.xmlsoap.org/wsdl/soap/" xmlns:wsdl="http://schemas.xmlsoap.org/wsdl/">
  <wsdl:types>
    <schema targetNamespace="http://www.hmco.com/EAI/OTS/Material" elementFormDefault="qualified" attributeFormDefault="unqualified" xmlns:xsd="http://www.w3.org/2001/XMLSchema" xmlns:mat="http://www.hmco.com/EAI/OTS/Material" xmlns:eai="http://www.hmco.com/EAI" xmlns="http://www.w3.org/2001/XMLSchema">
      <import namespace="http://www.hmco.com/EAI"/>
      <complexType name="substitution">
        <sequence>
          <element name="key">
            <complexType>
              <sequence>
                <element name="materialID" type="xsd:string" minOccurs="0"/>
                <element name="isbn" type="xsd:string" minOccurs="0"/>
              </sequence>
            </complexType>
          </element>
          <element ref="mat:substitutionValue" maxOccurs="unbounded"/>
        </sequence>
      </complexType>
      <element name="component">
        <complexType>
          <sequence>
            <element name="materialID" type="xsd:string"/>
            <element name="isbn" type="xsd:string" minOccurs="0"/>
            <element name="quantity" type="xsd:int" minOccurs="0"/>
            <element name="bomType" type="xsd:string" minOccurs="0"/>
          </sequence>
        </complexType>
      </element>
      <element name="getMaterialDetailRequest">
        <complexType>
          <sequence>
            <element ref="mat:materialKeyList"/>
            <element name="customerID" minOccurs="0">
              <simpleType>
                <restriction base="xsd:string">
                  <maxLength value="10"/>
                </restriction>
              </simpleType>
            </element>
          </sequence>
        </complexType>
      </element>
      <element name="materialDetail">
        <complexType>
          <sequence>
            <element name="materialID" type="xsd:string" minOccurs="0"/>
            <element name="isbn13" type="xsd:string" minOccurs="0"/>
            <element name="isbn10" type="xsd:string" minOccurs="0"/>
            <element name="internalDescription" type="xsd:string"/>
            <element name="fullDescription" type="xsd:string" minOccurs="0"/>
            <element name="author" type="xsd:string" minOccurs="0"/>
            <element name="materialStatus" type="xsd:string"/>
            <element name="materialStatusDescription" type="xsd:string" minOccurs="0"/>
            <element name="listPrice" type="xsd:double" minOccurs="0"/>
            <element name="netPrice" type="xsd:double" minOccurs="0"/>
            <element name="quantityInStock" type="xsd:int" minOccurs="0"/>
            <element name="restriction" type="xsd:string" minOccurs="0"/>
            <element name="materialGroup" type="xsd:string"/>
            <element name="substituted" type="xsd:boolean"/>
            <element name="availableDate" type="xsd:date" minOccurs="0"/>
            <element name="copyrightYear" type="xsd:string" minOccurs="0"/>
            <element name="mediaType" type="xsd:string" minOccurs="0"/>
            <element name="productDivision" type="xsd:string"/>
            <element name="phLevelCode1" type="xsd:string" minOccurs="0"/>
            <element name="phLevelCode2" type="xsd:string" minOccurs="0"/>
            <element name="phLevelCode3" type="xsd:string" minOccurs="0"/>
            <element name="phLevelCode4" type="xsd:string" minOccurs="0"/>
            <element name="phLevelCode5" type="xsd:string" minOccurs="0"/>
            <element name="unitsPerCarton" type="xsd:int" minOccurs="0"/>
            <element name="isSubscription" type="xsd:boolean"/>
            <element name="genItemCategory" type="xsd:string" minOccurs="0"/>
            <element ref="mat:component" minOccurs="0" maxOccurs="unbounded"/>
            <element ref="mat:subscriptionTerm" minOccurs="0" maxOccurs="unbounded"/>
            <element name="editionCategory" type="xsd:string" minOccurs="0"/>
          </sequence>
        </complexType>
      </element>
      <element name="materialDetailList">
        <complexType>
          <sequence>
            <element ref="mat:materialDetail" minOccurs="0" maxOccurs="unbounded"/>
          </sequence>
        </complexType>
      </element>
      <element name="materialException" type="eai:eaiException"/>
      <element name="materialKeyList">
        <complexType>
          <sequence>
            <element name="materialID" minOccurs="0" maxOccurs="unbounded">
              <simpleType>
                <restriction base="xsd:string">
                  <maxLength value="18"/>
                </restriction>
              </simpleType>
            </element>
            <element name="isbn" minOccurs="0" maxOccurs="unbounded">
              <simpleType>
                <restriction base="xsd:string">
                  <maxLength value="18"/>
                </restriction>
              </simpleType>
            </element>
          </sequence>
        </complexType>
      </element>
      <element name="materialSubstitution" type="mat:substitution"/>
      <element name="materialSubstitutionList">
        <complexType>
          <sequence>
            <element ref="mat:materialSubstitution" minOccurs="0" maxOccurs="unbounded"/>
          </sequence>
        </complexType>
      </element>
      <element name="subscriptionTerm">
        <complexType>
          <sequence>
            <element name="duration" type="xsd:int" minOccurs="0"/>
            <element name="unit" type="xsd:string" minOccurs="0"/>
            <element name="rate" type="xsd:double" minOccurs="0"/>
            <element name="startDate" type="xsd:date" minOccurs="0"/>
            <element name="endDate" type="xsd:date" minOccurs="0"/>
          </sequence>
        </complexType>
      </element>
      <element name="substitutionValue">
        <complexType>
          <sequence>
            <element name="substituteID" type="xsd:string"/>
            <element name="substituteISBN" type="xsd:string"/>
            <element name="description" type="xsd:string"/>
            <element name="autoSubstitute" type="xsd:boolean" minOccurs="0"/>
            <element name="usePrimePrice" type="xsd:boolean" minOccurs="0"/>
            <element name="applySale" type="xsd:boolean" minOccurs="0"/>
            <element name="applySample" type="xsd:boolean" minOccurs="0"/>
          </sequence>
        </complexType>
      </element>
    </schema>
    <schema targetNamespace="http://www.hmco.com/EAI/OTS/Transaction" elementFormDefault="qualified" attributeFormDefault="unqualified" xmlns:cus="http://www.hmco.com/EAI/OTS/Customer" xmlns:xsd="http://www.w3.org/2001/XMLSchema" xmlns:mat="http://www.hmco.com/EAI/OTS/Material" xmlns:eai="http://www.hmco.com/EAI" xmlns:trn="http://www.hmco.com/EAI/OTS/Transaction" xmlns="http://www.w3.org/2001/XMLSchema">
      <import namespace="http://www.hmco.com/EAI/OTS/Material"/>
      <import namespace="http://www.hmco.com/EAI/OTS/Customer"/>
      <import namespace="http://www.hmco.com/EAI"/>
      <element name="Division" type="xsd:string"/>
      <element name="billToCustomerEmailAddress" type="xsd:string"/>
      <element name="billToSANNumber" type="xsd:string"/>
      <element name="billingBlock" type="xsd:string"/>
      <element name="countryCode" type="xsd:string"/>
      <element name="emailBody" nillable="true" type="xsd:string"/>
      <element name="emailCc" type="xsd:string"/>
      <element name="emailSubject" nillable="true" type="xsd:string"/>
      <element name="emailTo" type="xsd:string"/>
      <element name="invoiceDetails">
        <complexType>
          <sequence>
            <element name="transactionID" type="xsd:string"/>
            <element ref="trn:invoiceTransactionItem" maxOccurs="unbounded"/>
          </sequence>
        </complexType>
      </element>
      <element name="invoiceDetailsList">
        <complexType>
          <sequence>
            <element ref="trn:invoiceDetails" minOccurs="0" maxOccurs="unbounded"/>
          </sequence>
        </complexType>
      </element>
      <element name="invoiceId" type="xsd:string"/>
      <element name="invoiceRequestType" type="xsd:string"/>
      <element name="invoiceTransactionItem">
        <complexType>
          <sequence>
            <element name="invoiceNo" type="xsd:string"/>
            <element name="invoiceType" type="xsd:string"/>
            <element name="billingDate" type="xsd:date"/>
            <element name="subTotal" type="xsd:double"/>
            <element name="salesTax" type="xsd:double"/>
            <element name="shippingCharge" type="xsd:double"/>
            <element name="total" type="xsd:double"/>
            <element name="lineItem" maxOccurs="unbounded">
              <complexType>
                <sequence>
                  <element ref="trn:productInfo"/>
                  <element name="shipmentNo" type="xsd:string"/>
                  <element name="shipmentLineNo" type="xsd:int"/>
                  <element name="shipmentLocation" type="xsd:string"/>
                  <element name="paymentTerm" type="xsd:string"/>
                  <element ref="trn:transactionNo" minOccurs="0"/>
                  <element ref="trn:transactionLineNo" minOccurs="0"/>
                </sequence>
              </complexType>
            </element>
          </sequence>
        </complexType>
      </element>
      <element name="isKitComponent" type="xsd:boolean"/>
      <element name="itemType" type="xsd:string"/>
      <element name="lineitemRejectionStatus" type="xsd:string"/>
      <element name="materialID" type="xsd:string"/>
      <element name="pdf" nillable="true" type="xsd:string"/>
      <element name="productInfo">
        <complexType>
          <sequence>
            <element name="lineNo" type="xsd:int"/>
            <element name="salesOffice" type="xsd:string" minOccurs="0"/>
            <element name="materialID" type="xsd:string" minOccurs="0"/>
            <element name="isbn" type="xsd:string"/>
            <element name="description" type="xsd:string"/>
            <element name="couponCode" type="xsd:string" minOccurs="0"/>
            <element name="promotionType" type="xsd:string" minOccurs="0"/>
            <element name="quantity" type="xsd:int"/>
            <element name="listPrice" type="xsd:double"/>
            <element name="netPrice" type="xsd:double"/>
            <element name="productDivision" type="xsd:string"/>
            <element name="listDiscount" type="xsd:double"/>
            <element name="isEGood" type="xsd:boolean"/>
            <element name="isSubscription" type="xsd:boolean"/>
            <element ref="mat:subscriptionTerm" minOccurs="0"/>
          </sequence>
        </complexType>
      </element>
      <element name="retrieveInvoicePDFRequest">
        <complexType>
          <sequence>
            <element ref="trn:invoiceId"/>
            <element ref="trn:invoiceRequestType"/>
            <element ref="trn:emailTo" minOccurs="0" maxOccurs="unbounded"/>
            <element ref="trn:emailCc" minOccurs="0" maxOccurs="unbounded"/>
            <element ref="trn:emailSubject" minOccurs="0"/>
            <element ref="trn:emailBody" minOccurs="0"/>
          </sequence>
        </complexType>
      </element>
      <element name="retrieveInvoicePDFResponse">
        <complexType>
          <sequence>
            <element ref="trn:pdf" minOccurs="0"/>
          </sequence>
        </complexType>
      </element>
      <element name="salesRep">
        <complexType>
          <sequence>
            <element name="repID" type="xsd:string"/>
            <element name="repName" type="xsd:string"/>
            <element name="sfaRepID" type="xsd:string" minOccurs="0"/>
          </sequence>
        </complexType>
      </element>
      <element name="sanNumber" type="xsd:string"/>
      <element name="searchType" type="xsd:string"/>
      <element name="shipToCareOf_1" type="xsd:string"/>
      <element name="shipToCareOf_2" type="xsd:string"/>
      <element name="shipToCustomerEmailAddress" type="xsd:string"/>
      <element name="shipToSANNumber" type="xsd:string"/>
      <element name="shipmentDetails">
        <complexType>
          <sequence>
            <element name="transactionID" type="xsd:string"/>
            <element ref="trn:shipmentDetailsItem" maxOccurs="unbounded"/>
          </sequence>
        </complexType>
      </element>
      <element name="shipmentDetailsItem">
        <complexType>
          <sequence>
            <element name="shipmentNo" type="xsd:string"/>
            <element name="shipmentCharge" type="xsd:double"/>
            <element name="shipmentCarrier" type="xsd:string"/>
            <element name="shipmentServiceLevel" type="xsd:string"/>
            <element name="shipmentWeight" type="xsd:double"/>
            <element name="totalPackages" type="xsd:int"/>
            <element name="docDate" type="xsd:date"/>
            <element name="shippingDate" type="xsd:date" minOccurs="0"/>
            <element name="lineItem" maxOccurs="unbounded">
              <complexType>
                <sequence>
                  <element name="lineNo" type="xsd:int"/>
                  <element name="transactionID" type="xsd:string"/>
                  <element name="transactionLineNo" type="xsd:string"/>
                  <element name="materialID" type="xsd:string" minOccurs="0"/>
                  <element name="isbn" type="xsd:string"/>
                  <element name="fullDescription" type="xsd:string"/>
                  <element name="shipmentLocation" type="xsd:string"/>
                  <element name="quantity" type="xsd:double"/>
                  <element name="productDivision" type="xsd:string"/>
                </sequence>
              </complexType>
            </element>
            <element name="trackingItem" minOccurs="0" maxOccurs="unbounded">
              <complexType>
                <sequence>
                  <element name="trackingNo" type="xsd:string"/>
                  <element name="shippedDate" type="xsd:date"/>
                  <element name="shipmentServiceLevel" type="xsd:string"/>
                  <element name="destinationZip" type="xsd:string"/>
                  <element name="weight" type="xsd:double"/>
                  <element name="trackingURL" type="xsd:string"/>
                </sequence>
              </complexType>
            </element>
          </sequence>
        </complexType>
      </element>
      <element name="shipmentDetailsList">
        <complexType>
          <sequence>
            <element ref="trn:shipmentDetails" minOccurs="0" maxOccurs="unbounded"/>
          </sequence>
        </complexType>
      </element>
      <element name="soldToCustomerEmailAddress" type="xsd:string"/>
      <element name="soldToSANNumber" type="xsd:string"/>
      <element name="transaction">
        <complexType>
          <sequence>
            <element name="transactionID" type="xsd:string"/>
            <element name="type" type="xsd:string"/>
            <element name="poNumber">
              <simpleType>
                <restriction base="xsd:string">
                  <maxLength value="35"/>
                </restriction>
              </simpleType>
            </element>
            <element name="status" type="xsd:string"/>
            <element name="creationDate" type="xsd:date"/>
            <element name="orderSource" type="xsd:string"/>
            <element name="division" type="xsd:string"/>
            <element name="salesOffice" type="xsd:string" minOccurs="0"/>
            <element name="customerEmail" type="xsd:string" minOccurs="0"/>
            <element name="soldToCustomerID" type="xsd:string"/>
            <element ref="trn:soldToSANNumber" minOccurs="0"/>
            <element name="soldToCustomerName" type="xsd:string"/>
            <element name="soldToCustomerAddress" type="cus:address"/>
            <element ref="trn:soldToCustomerEmailAddress" minOccurs="0"/>
            <element name="shipToCustomerID" type="xsd:string" minOccurs="0"/>
            <element ref="trn:shipToSANNumber" minOccurs="0"/>
            <element name="shipToCustomerName" type="xsd:string" minOccurs="0"/>
            <element name="shipToCustomerAddress" type="cus:address" minOccurs="0"/>
            <element ref="trn:shipToCustomerEmailAddress" minOccurs="0"/>
            <element name="billToCustomerID" type="xsd:string" minOccurs="0"/>
            <element ref="trn:billToSANNumber" minOccurs="0"/>
            <element name="billToCustomerName" type="xsd:string" minOccurs="0"/>
            <element name="billToCustomerAddress" type="cus:address" minOccurs="0"/>
            <element ref="trn:billToCustomerEmailAddress" minOccurs="0"/>
            <element name="isHeaderComplete" type="xsd:boolean"/>
            <element ref="trn:transactionRejectionStatus" minOccurs="0"/>
            <element ref="trn:transactionLineItem" minOccurs="0" maxOccurs="unbounded"/>
            <element ref="trn:shipToCareOf_1" minOccurs="0"/>
            <element ref="trn:shipToCareOf_2" minOccurs="0"/>
            <element ref="trn:billingBlock" minOccurs="0"/>
          </sequence>
        </complexType>
      </element>
      <element name="transactionException" type="eai:eaiException"/>
      <element name="transactionExceptionList">
        <complexType>
          <sequence>
            <element ref="trn:transactionException" minOccurs="0" maxOccurs="unbounded"/>
          </sequence>
        </complexType>
      </element>
      <element name="transactionIDList">
        <complexType>
          <sequence>
            <element name="transactionID" maxOccurs="unbounded">
              <simpleType>
                <restriction base="xsd:string">
                  <maxLength value="10"/>
                </restriction>
              </simpleType>
            </element>
          </sequence>
        </complexType>
      </element>
      <element name="transactionLineItem">
        <complexType>
          <sequence>
            <element ref="trn:productInfo"/>
            <element name="lineitemStatus" type="xsd:string"/>
            <element ref="trn:lineitemRejectionStatus" minOccurs="0"/>
            <element name="isLineitemComplete" type="xsd:boolean"/>
            <element name="titleStatus" type="xsd:string"/>
            <element name="deliveryBlock" type="xsd:string" minOccurs="0"/>
            <element name="requestDate" type="xsd:date" minOccurs="0"/>
            <element name="availableDate" type="xsd:date" minOccurs="0"/>
            <element ref="trn:salesRep" minOccurs="0" maxOccurs="unbounded"/>
            <element ref="trn:itemType"/>
            <element ref="trn:isKitComponent"/>
          </sequence>
        </complexType>
      </element>
      <element name="transactionLineNo" type="xsd:int"/>
      <element name="transactionList">
        <complexType>
          <sequence>
            <element ref="trn:transaction" minOccurs="0" maxOccurs="unbounded"/>
          </sequence>
        </complexType>
      </element>
      <element name="transactionNo" type="xsd:string"/>
      <element name="transactionRejectionStatus" type="xsd:string"/>
      <element name="transactionSearchCriteria">
        <complexType>
          <sequence>
            <element ref="trn:searchType" minOccurs="0"/>
            <element name="customerID" minOccurs="0">
              <simpleType>
                <restriction base="xsd:string">
                  <maxLength value="10"/>
                </restriction>
              </simpleType>
            </element>
            <element name="fromDate" type="xsd:date" minOccurs="0"/>
            <element name="toDate" type="xsd:date" minOccurs="0"/>
            <element name="limitOfResults" type="xsd:int"/>
            <element name="invoiceNo" minOccurs="0">
              <simpleType>
                <restriction base="xsd:string">
                  <maxLength value="10"/>
                </restriction>
              </simpleType>
            </element>
            <element name="poNo" minOccurs="0">
              <simpleType>
                <restriction base="xsd:string">
                  <maxLength value="35"/>
                </restriction>
              </simpleType>
            </element>
            <element name="clientTransactionID" minOccurs="0">
              <simpleType>
                <restriction base="xsd:string">
                  <maxLength value="12"/>
                </restriction>
              </simpleType>
            </element>
            <element name="isbn" minOccurs="0">
              <simpleType>
                <restriction base="xsd:string">
                  <maxLength value="18"/>
                </restriction>
              </simpleType>
            </element>
            <element ref="trn:materialID" minOccurs="0"/>
            <element name="status" type="xsd:string" minOccurs="0"/>
            <element name="transactionType" type="xsd:string" minOccurs="0"/>
            <element name="orderSource" type="xsd:string" minOccurs="0"/>
            <element ref="trn:sanNumber" minOccurs="0"/>
            <element ref="trn:zipCode" minOccurs="0"/>
            <element ref="trn:countryCode" minOccurs="0"/>
            <element ref="trn:Division" minOccurs="0"/>
            <element name="partnerFunctionList" minOccurs="0">
              <complexType>
                <sequence>
                  <element name="partnerFunction" type="xsd:string" maxOccurs="unbounded"/>
                </sequence>
              </complexType>
            </element>
          </sequence>
        </complexType>
      </element>
      <element name="zipCode" type="xsd:string"/>
    </schema>
    <xsd:schema targetNamespace="http://www.hmco.com/EAI" elementFormDefault="qualified" attributeFormDefault="unqualified" xmlns:xsd="http://www.w3.org/2001/XMLSchema" xmlns="http://www.hmco.com/EAI">
      <xsd:complexType name="eaiException">
        <xsd:sequence>
          <xsd:element ref="ns4:errorList"/>
        </xsd:sequence>
      </xsd:complexType>
      <xsd:complexType name="error">
        <xsd:sequence>
          <xsd:element name="errorCategory" type="xsd:string"/>
          <xsd:element name="errorCode" type="xsd:string"/>
          <xsd:element name="errorMessage" type="xsd:string"/>
        </xsd:sequence>
      </xsd:complexType>
      <xsd:element name="asyncRequestId">
        <xsd:complexType>
          <xsd:sequence>
            <xsd:element ref="ns4:requestId"/>
          </xsd:sequence>
        </xsd:complexType>
      </xsd:element>
      <xsd:element name="asyncRequestStatus">
        <xsd:complexType>
          <xsd:sequence>
            <xsd:element name="isReady" type="xsd:boolean"/>
          </xsd:sequence>
        </xsd:complexType>
      </xsd:element>
      <xsd:element name="error" type="ns4:error"/>
      <xsd:element name="errorList">
        <xsd:complexType>
          <xsd:sequence>
            <xsd:element ref="ns4:error" minOccurs="0" maxOccurs="unbounded"/>
          </xsd:sequence>
        </xsd:complexType>
      </xsd:element>
      <xsd:element name="requestId" type="xsd:string"/>
    </xsd:schema>
    <schema targetNamespace="http://www.hmco.com/EAI/OTS/TransactionNew" elementFormDefault="qualified" attributeFormDefault="unqualified" xmlns:cus="http://www.hmco.com/EAI/OTS/Customer" xmlns:xsd="http://www.w3.org/2001/XMLSchema" xmlns:mat="http://www.hmco.com/EAI/OTS/Material" xmlns:eai="http://www.hmco.com/EAI" xmlns:trn="http://www.hmco.com/EAI/OTS/TransactionNew" xmlns="http://www.w3.org/2001/XMLSchema">
      <import namespace="http://www.hmco.com/EAI/OTS/Material"/>
      <import namespace="http://www.hmco.com/EAI/OTS/Customer"/>
      <import namespace="http://www.hmco.com/EAI"/>
      <element name="Division" type="xsd:string"/>
      <element name="billToCustomerEmailAddress" type="xsd:string"/>
      <element name="billToSANNumber" type="xsd:string"/>
      <element name="billingBlock" type="xsd:string"/>
      <element name="countryCode" type="xsd:string"/>
      <element name="emailBody" nillable="true" type="xsd:string"/>
      <element name="emailCc" type="xsd:string"/>
      <element name="emailSubject" nillable="true" type="xsd:string"/>
      <element name="emailTo" type="xsd:string"/>
      <element name="invoiceDetails">
        <complexType>
          <sequence>
            <element name="transactionID" type="xsd:string"/>
            <element ref="trn:invoiceTransactionItem" maxOccurs="unbounded"/>
          </sequence>
        </complexType>
      </element>
      <element name="invoiceDetailsList">
        <complexType>
          <sequence>
            <element ref="trn:invoiceDetails" minOccurs="0" maxOccurs="unbounded"/>
          </sequence>
        </complexType>
      </element>
      <element name="invoiceId" type="xsd:string"/>
      <element name="invoiceRequestType" type="xsd:string"/>
      <element name="invoiceTransactionItem">
        <complexType>
          <sequence>
            <element name="invoiceNo" type="xsd:string"/>
            <element name="invoiceType" type="xsd:string"/>
            <element name="billingDate" type="xsd:date"/>
            <element name="subTotal" type="xsd:double"/>
            <element name="salesTax" type="xsd:double"/>
            <element name="shippingCharge" type="xsd:double"/>
            <element name="total" type="xsd:double"/>
            <element name="lineItem" maxOccurs="unbounded">
              <complexType>
                <sequence>
                  <element ref="trn:productInfo2"/>
                  <element name="shipmentNo" type="xsd:string"/>
                  <element name="shipmentLineNo" type="xsd:int"/>
                  <element name="shipmentLocation" type="xsd:string"/>
                  <element name="paymentTerm" type="xsd:string"/>
                  <element ref="trn:transactionNo" minOccurs="0"/>
                  <element ref="trn:transactionLineNo" minOccurs="0"/>
                </sequence>
              </complexType>
            </element>
          </sequence>
        </complexType>
      </element>
      <element name="isKitComponent" type="xsd:boolean"/>
      <element name="itemType" type="xsd:string"/>
      <element name="lineitemRejectionStatus" type="xsd:string"/>
      <element name="materialID" type="xsd:string"/>
      <element name="pdf" nillable="true" type="xsd:string"/>
      <element name="productInfo2">
        <complexType>
          <sequence>
            <element name="lineNo" type="xsd:int"/>
            <element name="cancelledQuantity" type="xsd:string"/>
            <element name="salesOffice" type="xsd:string" minOccurs="0"/>
            <element name="materialID" type="xsd:string" minOccurs="0"/>
            <element name="isbn" type="xsd:string"/>
            <element name="description" type="xsd:string"/>
            <element name="couponCode" type="xsd:string" minOccurs="0"/>
            <element name="promotionType" type="xsd:string" minOccurs="0"/>
            <element name="quantity" type="xsd:int"/>
            <element name="promoAmount" type="xsd:string"/>
            <element name="listPrice" type="xsd:double"/>
            <element name="netPrice" type="xsd:double"/>
            <element name="productDivision" type="xsd:string"/>
            <element name="listDiscount" type="xsd:double"/>
            <element name="isEGood" type="xsd:boolean"/>
            <element name="isSubscription" type="xsd:boolean"/>
            <element ref="mat:subscriptionTerm" minOccurs="0"/>
          </sequence>
        </complexType>
      </element>
      <element name="retrieveInvoicePDFRequest">
        <complexType>
          <sequence>
            <element ref="trn:invoiceId"/>
            <element ref="trn:invoiceRequestType"/>
            <element ref="trn:emailTo" minOccurs="0" maxOccurs="unbounded"/>
            <element ref="trn:emailCc" minOccurs="0" maxOccurs="unbounded"/>
            <element ref="trn:emailSubject" minOccurs="0"/>
            <element ref="trn:emailBody" minOccurs="0"/>
          </sequence>
        </complexType>
      </element>
      <element name="retrieveInvoicePDFResponse">
        <complexType>
          <sequence>
            <element ref="trn:pdf" minOccurs="0"/>
          </sequence>
        </complexType>
      </element>
      <element name="salesRep">
        <complexType>
          <sequence>
            <element name="repID" type="xsd:string"/>
            <element name="repName" type="xsd:string"/>
            <element name="sfaRepID" type="xsd:string" minOccurs="0"/>
          </sequence>
        </complexType>
      </element>
      <element name="sanNumber" type="xsd:string"/>
      <element name="searchType" type="xsd:string"/>
      <element name="shipToCareOf_1" type="xsd:string"/>
      <element name="shipToCareOf_2" type="xsd:string"/>
      <element name="shipToCustomerEmailAddress" type="xsd:string"/>
      <element name="shipToSANNumber" type="xsd:string"/>
      <element name="shipmentDetails">
        <complexType>
          <sequence>
            <element name="transactionID" type="xsd:string"/>
            <element ref="trn:shipmentDetailsItem" maxOccurs="unbounded"/>
          </sequence>
        </complexType>
      </element>
      <element name="shipmentDetailsItem">
        <complexType>
          <sequence>
            <element name="shipmentNo" type="xsd:string"/>
            <element name="shipmentCharge" type="xsd:double"/>
            <element name="shipmentCarrier" type="xsd:string"/>
            <element name="shipmentServiceLevel" type="xsd:string"/>
            <element name="shipmentWeight" type="xsd:double"/>
            <element name="totalPackages" type="xsd:int"/>
            <element name="docDate" type="xsd:date"/>
            <element name="shippingDate" type="xsd:date" minOccurs="0"/>
            <element name="lineItem" maxOccurs="unbounded">
              <complexType>
                <sequence>
                  <element name="lineNo" type="xsd:int"/>
                  <element name="transactionID" type="xsd:string"/>
                  <element name="transactionLineNo" type="xsd:string"/>
                  <element name="materialID" type="xsd:string" minOccurs="0"/>
                  <element name="isbn" type="xsd:string"/>
                  <element name="fullDescription" type="xsd:string"/>
                  <element name="shipmentLocation" type="xsd:string"/>
                  <element name="quantity" type="xsd:double"/>
                  <element name="productDivision" type="xsd:string"/>
                </sequence>
              </complexType>
            </element>
            <element name="trackingItem" minOccurs="0" maxOccurs="unbounded">
              <complexType>
                <sequence>
                  <element name="trackingNo" type="xsd:string"/>
                  <element name="shippedDate" type="xsd:date"/>
                  <element name="shipmentServiceLevel" type="xsd:string"/>
                  <element name="destinationZip" type="xsd:string"/>
                  <element name="weight" type="xsd:double"/>
                  <element name="trackingURL" type="xsd:string"/>
                </sequence>
              </complexType>
            </element>
          </sequence>
        </complexType>
      </element>
      <element name="shipmentDetailsList">
        <complexType>
          <sequence>
            <element ref="trn:shipmentDetails" minOccurs="0" maxOccurs="unbounded"/>
          </sequence>
        </complexType>
      </element>
      <element name="soldToCustomerEmailAddress" type="xsd:string"/>
      <element name="soldToSANNumber" type="xsd:string"/>
      <element name="transaction">
        <complexType>
          <sequence>
            <element name="transactionID" type="xsd:string"/>
            <element name="type" type="xsd:string"/>
            <element name="poNumber">
              <simpleType>
                <restriction base="xsd:string">
                  <maxLength value="35"/>
                </restriction>
              </simpleType>
            </element>
            <element name="status" type="xsd:string"/>
            <element name="creationDate" type="xsd:date"/>
            <element name="orderSource" type="xsd:string"/>
            <element name="division" type="xsd:string"/>
            <element name="salesOffice" type="xsd:string" minOccurs="0"/>
            <element name="customerEmail" type="xsd:string" minOccurs="0"/>
            <element name="soldToCustomerID" type="xsd:string"/>
            <element ref="trn:soldToSANNumber" minOccurs="0"/>
            <element name="soldToCustomerName" type="xsd:string"/>
            <element name="soldToCustomerAddress" type="cus:address"/>
            <element ref="trn:soldToCustomerEmailAddress" minOccurs="0"/>
            <element name="shipToCustomerID" type="xsd:string" minOccurs="0"/>
            <element ref="trn:shipToSANNumber" minOccurs="0"/>
            <element name="shipToCustomerName" type="xsd:string" minOccurs="0"/>
            <element name="shipToCustomerAddress" type="cus:address" minOccurs="0"/>
            <element ref="trn:shipToCustomerEmailAddress" minOccurs="0"/>
            <element name="billToCustomerID" type="xsd:string" minOccurs="0"/>
            <element ref="trn:billToSANNumber" minOccurs="0"/>
            <element name="billToCustomerName" type="xsd:string" minOccurs="0"/>
            <element name="billToCustomerAddress" type="cus:address" minOccurs="0"/>
            <element ref="trn:billToCustomerEmailAddress" minOccurs="0"/>
            <element name="isHeaderComplete" type="xsd:boolean"/>
            <element ref="trn:transactionRejectionStatus" minOccurs="0"/>
            <element ref="trn:transactionLineItem" minOccurs="0" maxOccurs="unbounded"/>
            <element ref="trn:shipToCareOf_1" minOccurs="0"/>
            <element ref="trn:shipToCareOf_2" minOccurs="0"/>
            <element ref="trn:billingBlock" minOccurs="0"/>
          </sequence>
        </complexType>
      </element>
      <element name="transactionException" type="eai:eaiException"/>
      <element name="transactionExceptionList">
        <complexType>
          <sequence>
            <element ref="trn:transactionException" minOccurs="0" maxOccurs="unbounded"/>
          </sequence>
        </complexType>
      </element>
      <element name="transactionIDList">
        <complexType>
          <sequence>
            <element name="transactionID" maxOccurs="unbounded">
              <simpleType>
                <restriction base="xsd:string">
                  <maxLength value="10"/>
                </restriction>
              </simpleType>
            </element>
          </sequence>
        </complexType>
      </element>
      <element name="transactionLineItem">
        <complexType>
          <sequence>
            <element ref="trn:productInfo2"/>
            <element name="lineitemStatus" type="xsd:string"/>
            <element ref="trn:lineitemRejectionStatus" minOccurs="0"/>
            <element name="isLineitemComplete" type="xsd:boolean"/>
            <element name="titleStatus" type="xsd:string"/>
            <element name="deliveryBlock" type="xsd:string" minOccurs="0"/>
            <element name="requestDate" type="xsd:date" minOccurs="0"/>
            <element name="availableDate" type="xsd:date" minOccurs="0"/>
            <element ref="trn:salesRep" minOccurs="0" maxOccurs="unbounded"/>
            <element ref="trn:itemType"/>
            <element ref="trn:isKitComponent"/>
          </sequence>
        </complexType>
      </element>
      <element name="transactionLineNo" type="xsd:int"/>
      <element name="transactionList">
        <complexType>
          <sequence>
            <element ref="trn:transaction" minOccurs="0" maxOccurs="unbounded"/>
          </sequence>
        </complexType>
      </element>
      <element name="transactionNo" type="xsd:string"/>
      <element name="transactionRejectionStatus" type="xsd:string"/>
      <element name="transactionSearchCriteria">
        <complexType>
          <sequence>
            <element ref="trn:searchType" minOccurs="0"/>
            <element name="customerID" minOccurs="0">
              <simpleType>
                <restriction base="xsd:string">
                  <maxLength value="10"/>
                </restriction>
              </simpleType>
            </element>
            <element name="fromDate" type="xsd:date" minOccurs="0"/>
            <element name="toDate" type="xsd:date" minOccurs="0"/>
            <element name="limitOfResults" type="xsd:int"/>
            <element name="invoiceNo" minOccurs="0">
              <simpleType>
                <restriction base="xsd:string">
                  <maxLength value="10"/>
                </restriction>
              </simpleType>
            </element>
            <element name="poNo" minOccurs="0">
              <simpleType>
                <restriction base="xsd:string">
                  <maxLength value="35"/>
                </restriction>
              </simpleType>
            </element>
            <element name="clientTransactionID" minOccurs="0">
              <simpleType>
                <restriction base="xsd:string">
                  <maxLength value="12"/>
                </restriction>
              </simpleType>
            </element>
            <element name="isbn" minOccurs="0">
              <simpleType>
                <restriction base="xsd:string">
                  <maxLength value="18"/>
                </restriction>
              </simpleType>
            </element>
            <element ref="trn:materialID" minOccurs="0"/>
            <element name="status" type="xsd:string" minOccurs="0"/>
            <element name="transactionType" type="xsd:string" minOccurs="0"/>
            <element name="orderSource" type="xsd:string" minOccurs="0"/>
            <element ref="trn:sanNumber" minOccurs="0"/>
            <element ref="trn:zipCode" minOccurs="0"/>
            <element ref="trn:countryCode" minOccurs="0"/>
            <element ref="trn:Division" minOccurs="0"/>
            <element name="partnerFunctionList" minOccurs="0">
              <complexType>
                <sequence>
                  <element name="partnerFunction" type="xsd:string" maxOccurs="unbounded"/>
                </sequence>
              </complexType>
            </element>
          </sequence>
        </complexType>
      </element>
      <element name="zipCode" type="xsd:string"/>
    </schema>
    <schema targetNamespace="http://www.hmco.com/EAI/OTS/Customer" elementFormDefault="qualified" attributeFormDefault="unqualified" xmlns:cus="http://www.hmco.com/EAI/OTS/Customer" xmlns:xsd="http://www.w3.org/2001/XMLSchema" xmlns:mat="http://www.hmco.com/EAI/OTS/Material" xmlns:eai="http://www.hmco.com/EAI" xmlns="http://www.w3.org/2001/XMLSchema">
      <import namespace="http://www.hmco.com/EAI/OTS/Material"/>
      <import namespace="http://www.hmco.com/EAI"/>
      <complexType name="address">
        <sequence>
          <element name="customerName" type="xsd:string" minOccurs="0"/>
          <element name="addressLine1" minOccurs="0">
            <simpleType>
              <restriction base="xsd:string">
                <maxLength value="60"/>
              </restriction>
            </simpleType>
          </element>
          <element name="addressLine2" minOccurs="0">
            <simpleType>
              <restriction base="xsd:string">
                <maxLength value="40"/>
              </restriction>
            </simpleType>
          </element>
          <element name="addressLine3" type="xsd:string" minOccurs="0"/>
          <element name="poBox" minOccurs="0">
            <simpleType>
              <restriction base="xsd:string">
                <maxLength value="10"/>
              </restriction>
            </simpleType>
          </element>
          <element name="city">
            <simpleType>
              <restriction base="xsd:string">
                <maxLength value="35"/>
              </restriction>
            </simpleType>
          </element>
          <element name="state">
            <simpleType>
              <restriction base="xsd:string">
                <maxLength value="3"/>
              </restriction>
            </simpleType>
          </element>
          <element name="zipcode">
            <simpleType>
              <restriction base="xsd:string">
                <maxLength value="10"/>
              </restriction>
            </simpleType>
          </element>
          <element name="countryCode">
            <simpleType>
              <restriction base="xsd:string">
                <maxLength value="3"/>
              </restriction>
            </simpleType>
          </element>
          <element ref="cus:emailAddressStruct" minOccurs="0" maxOccurs="unbounded"/>
        </sequence>
      </complexType>
      <element name="SFDCCustomer">
        <complexType>
          <sequence>
            <element name="sfdcCustomerId" type="xsd:string"/>
            <element name="sapCustomerId" type="xsd:string" minOccurs="0"/>
            <element name="mdrPid" type="xsd:string" minOccurs="0"/>
            <element name="name" type="xsd:string"/>
            <element name="shippingStreet" type="xsd:string" minOccurs="0"/>
            <element name="shippingCity" type="xsd:string" minOccurs="0"/>
            <element name="shippingState" type="xsd:string" minOccurs="0"/>
            <element name="shippingZip" type="xsd:string" minOccurs="0"/>
            <element name="shippingCountry" type="xsd:string" minOccurs="0"/>
            <element name="phone" type="xsd:string" minOccurs="0"/>
            <element name="fax" type="xsd:string" minOccurs="0"/>
            <element name="email" type="xsd:string" minOccurs="0"/>
            <element ref="cus:pnpAccountFlag" minOccurs="0"/>
            <element ref="cus:insideSalesAccountFlag" minOccurs="0"/>
          </sequence>
        </complexType>
      </element>
      <element name="SFDCCustomerList">
        <complexType>
          <sequence>
            <element ref="cus:SFDCCustomer" minOccurs="0" maxOccurs="unbounded"/>
          </sequence>
        </complexType>
      </element>
      <element name="SFDCRep">
        <complexType>
          <sequence>
            <element name="sfdcUserID" type="xsd:string"/>
            <element name="sfdcCustomerId" type="xsd:string"/>
            <element name="userName" type="xsd:string"/>
            <element name="phone" type="xsd:string" minOccurs="0"/>
            <element name="market" type="xsd:string" minOccurs="0"/>
            <element name="territoryDescription" type="xsd:string" minOccurs="0"/>
            <element name="email" type="xsd:string" minOccurs="0"/>
            <element ref="cus:division" minOccurs="0"/>
          </sequence>
        </complexType>
      </element>
      <element name="SFDCRepList">
        <complexType>
          <sequence>
            <element ref="cus:SFDCRep" minOccurs="0" maxOccurs="unbounded"/>
          </sequence>
        </complexType>
      </element>
      <element name="accountStatementPDFRequest">
        <complexType>
          <sequence>
            <element ref="cus:billToCustomer"/>
            <element ref="cus:emailSubject"/>
            <element ref="cus:emailTo" maxOccurs="unbounded"/>
            <element ref="cus:emailCc" minOccurs="0" maxOccurs="unbounded"/>
            <element ref="cus:emailBody" minOccurs="0" maxOccurs="unbounded"/>
          </sequence>
        </complexType>
      </element>
      <element name="accountStatementPDFResponse">
        <complexType>
          <sequence>
            <element ref="cus:eReturn"/>
            <element ref="cus:message" minOccurs="0"/>
          </sequence>
        </complexType>
      </element>
      <element name="billToCustomer" type="xsd:string"/>
      <element name="createEtailCustomerRequest">
        <complexType>
          <sequence>
            <element ref="cus:storeID"/>
            <element name="name">
              <simpleType>
                <restriction base="xsd:string">
                  <maxLength value="35"/>
                </restriction>
              </simpleType>
            </element>
            <element name="telephone">
              <simpleType>
                <restriction base="xsd:string">
                  <maxLength value="16"/>
                </restriction>
              </simpleType>
            </element>
            <element name="customerEmail" minOccurs="0">
              <simpleType>
                <restriction base="xsd:string">
                  <maxLength value="241"/>
                </restriction>
              </simpleType>
            </element>
            <element name="soldToAddress" type="cus:address"/>
            <element name="billToAddress" type="cus:address" minOccurs="0"/>
            <element name="shipToAddress" type="cus:address" minOccurs="0"/>
          </sequence>
        </complexType>
      </element>
      <element name="createEtailCustomerResponse">
        <complexType>
          <sequence>
            <element name="soldToCustomerID" type="xsd:string"/>
            <element name="shipToCustomerID" type="xsd:string"/>
            <element name="billToCustomerID" type="xsd:string"/>
          </sequence>
        </complexType>
      </element>
      <element name="createSundryCustomerRequest">
        <complexType>
          <sequence>
            <element name="division" type="xsd:string"/>
            <element name="SFASalesTerritory">
              <simpleType>
                <restriction base="xsd:string">
                  <maxLength value="10"/>
                </restriction>
              </simpleType>
            </element>
            <element name="geographicSalesTerritory" minOccurs="0">
              <simpleType>
                <restriction base="xsd:string">
                  <maxLength value="6"/>
                </restriction>
              </simpleType>
            </element>
            <element name="name">
              <simpleType>
                <restriction base="xsd:string">
                  <maxLength value="35"/>
                </restriction>
              </simpleType>
            </element>
            <element name="customerAddress" type="cus:address"/>
            <element name="telephone1" minOccurs="0">
              <simpleType>
                <restriction base="xsd:string">
                  <maxLength value="16"/>
                </restriction>
              </simpleType>
            </element>
            <element name="telephone2" minOccurs="0">
              <simpleType>
                <restriction base="xsd:string">
                  <maxLength value="16"/>
                </restriction>
              </simpleType>
            </element>
            <element name="fax" minOccurs="0">
              <simpleType>
                <restriction base="xsd:string">
                  <maxLength value="31"/>
                </restriction>
              </simpleType>
            </element>
            <element name="collegeNumber" minOccurs="0">
              <simpleType>
                <restriction base="xsd:string">
                  <maxLength value="10"/>
                </restriction>
              </simpleType>
            </element>
            <element name="customerEmail" minOccurs="0">
              <simpleType>
                <restriction base="xsd:string">
                  <maxLength value="241"/>
                </restriction>
              </simpleType>
            </element>
          </sequence>
        </complexType>
      </element>
      <element name="customerDetail">
        <complexType>
          <sequence>
            <element name="customerID" type="xsd:string"/>
            <element name="customerRole" type="xsd:string"/>
            <element name="customerClassCode" type="xsd:string"/>
            <element name="customerClassDesc" type="xsd:string"/>
            <element name="customerTypeCode" type="xsd:string"/>
            <element name="customerTypeDesc" type="xsd:string"/>
            <element name="creditStatus" type="xsd:string" minOccurs="0"/>
            <element name="san" type="xsd:string" minOccurs="0"/>
            <element name="mdrPID" type="xsd:string" minOccurs="0"/>
            <element ref="cus:isPrimeMDR" minOccurs="0"/>
            <element name="customerAddress" type="cus:address"/>
            <element name="name" type="xsd:string"/>
            <element name="telNumber" type="xsd:string"/>
            <element name="altTelNumber" type="xsd:string" minOccurs="0"/>
            <element name="customerStatus" type="xsd:string" minOccurs="0"/>
            <element name="collegeNumber" type="xsd:string" minOccurs="0"/>
            <element name="customerEmail" type="xsd:string" minOccurs="0"/>
            <element name="customerFax" minOccurs="0">
              <simpleType>
                <restriction base="xsd:string">
                  <maxLength value="31"/>
                </restriction>
              </simpleType>
            </element>
            <element name="customerDivisionInfo" minOccurs="0" maxOccurs="unbounded">
              <complexType>
                <sequence>
                  <element name="division" type="xsd:string"/>
                  <element name="geographicTerritory" type="xsd:string"/>
                  <element name="allowSubstitutionsFlag" type="xsd:boolean"/>
                </sequence>
              </complexType>
            </element>
          </sequence>
        </complexType>
      </element>
      <element name="customerDetailList">
        <complexType>
          <sequence>
            <element ref="cus:customerDetail" minOccurs="0" maxOccurs="unbounded"/>
          </sequence>
        </complexType>
      </element>
      <element name="customerException" type="eai:eaiException"/>
      <element name="customerExceptionList">
        <complexType>
          <sequence>
            <element ref="cus:customerException" maxOccurs="unbounded"/>
          </sequence>
        </complexType>
      </element>
      <element name="customerID">
        <simpleType>
          <restriction base="xsd:string">
            <maxLength value="10"/>
          </restriction>
        </simpleType>
      </element>
      <element name="customerIDList">
        <complexType>
          <sequence>
            <element name="customerID" type="xsd:string" minOccurs="0" maxOccurs="unbounded"/>
          </sequence>
        </complexType>
      </element>
      <element name="customerKey">
        <complexType>
          <sequence>
            <element name="customerID" minOccurs="0">
              <simpleType>
                <restriction base="xsd:string">
                  <maxLength value="10"/>
                </restriction>
              </simpleType>
            </element>
            <element name="san" minOccurs="0">
              <simpleType>
                <restriction base="xsd:string">
                  <maxLength value="12"/>
                </restriction>
              </simpleType>
            </element>
            <element name="mdrPID" minOccurs="0">
              <simpleType>
                <restriction base="xsd:string">
                  <maxLength value="15"/>
                </restriction>
              </simpleType>
            </element>
          </sequence>
        </complexType>
      </element>
      <element name="customerKeyList">
        <complexType>
          <sequence>
            <element ref="cus:customerKey" minOccurs="0" maxOccurs="unbounded"/>
          </sequence>
        </complexType>
      </element>
      <element name="customerRelationship">
        <complexType>
          <sequence>
            <element ref="cus:relationshipType" minOccurs="0"/>
            <element name="customerID" type="xsd:string" minOccurs="0" maxOccurs="unbounded"/>
          </sequence>
        </complexType>
      </element>
      <element name="customerRelationshipList">
        <complexType>
          <sequence>
            <element ref="cus:customerRelationship" minOccurs="0" maxOccurs="unbounded"/>
          </sequence>
        </complexType>
      </element>
      <element name="customerSearchCriteria">
        <complexType>
          <sequence>
            <element name="name">
              <simpleType>
                <restriction base="xsd:string">
                  <maxLength value="35"/>
                </restriction>
              </simpleType>
            </element>
            <element name="address">
              <simpleType>
                <restriction base="xsd:string">
                  <maxLength value="60"/>
                </restriction>
              </simpleType>
            </element>
            <element name="zipCode" type="xsd:string"/>
            <element name="division" type="xsd:string"/>
          </sequence>
        </complexType>
      </element>
      <element name="customerSubstitution">
        <complexType>
          <sequence>
            <element name="materialID" type="xsd:string"/>
            <element ref="mat:substitutionValue" maxOccurs="unbounded"/>
          </sequence>
        </complexType>
      </element>
      <element name="customerSubstitutionList">
        <complexType>
          <sequence>
            <element ref="cus:customerSubstitution" minOccurs="0" maxOccurs="unbounded"/>
          </sequence>
        </complexType>
      </element>
      <element name="division" type="xsd:string"/>
      <element name="eReturn" type="xsd:string"/>
      <element name="emailAddress" type="xsd:string"/>
      <element name="emailAddressStruct">
        <complexType>
          <sequence>
            <element ref="cus:emailAddress" minOccurs="0"/>
            <element ref="cus:isPrimary"/>
          </sequence>
        </complexType>
      </element>
      <element name="emailBody" type="xsd:string"/>
      <element name="emailCc" type="xsd:string"/>
      <element name="emailSubject" type="xsd:string"/>
      <element name="emailTo" type="xsd:string"/>
      <element name="findSFDCCustomerRequest">
        <complexType>
          <sequence>
            <element name="mdrPid" type="xsd:string" minOccurs="0"/>
            <element name="sapCustomerId" type="xsd:string" minOccurs="0"/>
            <element name="zipCode" type="xsd:string" minOccurs="0"/>
          </sequence>
        </complexType>
      </element>
      <element name="getCustomerRelationshipsRequest">
        <complexType>
          <sequence>
            <element ref="cus:customerID"/>
            <element ref="cus:division"/>
            <element ref="cus:relationshipTypeList"/>
          </sequence>
        </complexType>
      </element>
      <element name="getCustomerSubstitutionsRequest">
        <complexType>
          <sequence>
            <element ref="cus:customerID"/>
            <element ref="cus:transactionType"/>
            <element ref="cus:division"/>
            <element ref="cus:titleList"/>
          </sequence>
        </complexType>
      </element>
      <element name="insideSalesAccountFlag" type="xsd:boolean"/>
      <element name="isPrimary" type="xsd:boolean"/>
      <element name="isPrimeMDR" nillable="true" type="xsd:boolean"/>
      <element name="lookUpFields">
        <complexType>
          <sequence>
            <element name="noOfFields" type="xsd:string"/>
          </sequence>
        </complexType>
      </element>
      <element name="materialID" type="xsd:string"/>
      <element name="message" type="xsd:string"/>
      <element name="pnpAccountFlag" type="xsd:boolean"/>
      <element name="relationshipType" type="xsd:string"/>
      <element name="relationshipTypeList">
        <complexType>
          <sequence>
            <element ref="cus:relationshipType" maxOccurs="unbounded"/>
          </sequence>
        </complexType>
      </element>
      <element name="sfdcCustomerId" type="xsd:string"/>
      <element name="sfdcCustomerIdList">
        <complexType>
          <sequence>
            <element ref="cus:sfdcCustomerId" minOccurs="0" maxOccurs="unbounded"/>
          </sequence>
        </complexType>
      </element>
      <element name="storeID">
        <simpleType>
          <restriction base="xsd:string">
            <maxLength value="30"/>
          </restriction>
        </simpleType>
      </element>
      <element name="titleList">
        <complexType>
          <sequence>
            <element ref="cus:materialID" minOccurs="0" maxOccurs="unbounded"/>
          </sequence>
        </complexType>
      </element>
      <element name="transactionType" type="xsd:string"/>
    </schema>
    <schema targetNamespace="http://www.hmco.com/EAI/OTS/MaterialNew" elementFormDefault="qualified" attributeFormDefault="unqualified" xmlns:xsd="http://www.w3.org/2001/XMLSchema" xmlns:mat="http://www.hmco.com/EAI/OTS/MaterialNew" xmlns:eai="http://www.hmco.com/EAI" xmlns="http://www.w3.org/2001/XMLSchema">
      <import namespace="http://www.hmco.com/EAI"/>
      <complexType name="substitution">
        <sequence>
          <element name="key">
            <complexType>
              <sequence>
                <element name="materialID" type="xsd:string" minOccurs="0"/>
                <element name="isbn" type="xsd:string" minOccurs="0"/>
              </sequence>
            </complexType>
          </element>
          <element ref="mat:substitutionValue" maxOccurs="unbounded"/>
        </sequence>
      </complexType>
      <element name="Oldmaterialnumber" type="xsd:string"/>
      <element name="component">
        <complexType>
          <sequence>
            <element name="materialID" type="xsd:string"/>
            <element name="isbn" type="xsd:string" minOccurs="0"/>
            <element name="quantity" type="xsd:int" minOccurs="0"/>
            <element name="bomType" type="xsd:string" minOccurs="0"/>
          </sequence>
        </complexType>
      </element>
      <element name="getMaterialDetailRequest">
        <complexType>
          <sequence>
            <element ref="mat:materialKeyList"/>
            <element name="customerID" minOccurs="0">
              <simpleType>
                <restriction base="xsd:string">
                  <maxLength value="10"/>
                </restriction>
              </simpleType>
            </element>
          </sequence>
        </complexType>
      </element>
      <element name="materialDetail">
        <complexType>
          <sequence>
            <element name="materialID" type="xsd:string" minOccurs="0"/>
            <element name="isbn13" type="xsd:string" minOccurs="0"/>
            <element name="isbn10" type="xsd:string" minOccurs="0"/>
            <element name="internalDescription" type="xsd:string"/>
            <element name="fullDescription" type="xsd:string" minOccurs="0"/>
            <element name="author" type="xsd:string" minOccurs="0"/>
            <element name="materialStatus" type="xsd:string"/>
            <element name="materialStatusDescription" type="xsd:string" minOccurs="0"/>
            <element name="listPrice" type="xsd:double" minOccurs="0"/>
            <element name="netPrice" type="xsd:double" minOccurs="0"/>
            <element name="quantityInStock" type="xsd:int" minOccurs="0"/>
            <element name="restriction" type="xsd:string" minOccurs="0"/>
            <element name="materialGroup" type="xsd:string"/>
            <element name="substituted" type="xsd:boolean"/>
            <element name="availableDate" type="xsd:date" minOccurs="0"/>
            <element name="copyrightYear" type="xsd:string" minOccurs="0"/>
            <element name="mediaType" type="xsd:string" minOccurs="0"/>
            <element name="productDivision" type="xsd:string"/>
            <element name="phLevelCode1" type="xsd:string" minOccurs="0"/>
            <element name="phLevelCode2" type="xsd:string" minOccurs="0"/>
            <element name="phLevelCode3" type="xsd:string" minOccurs="0"/>
            <element name="phLevelCode4" type="xsd:string" minOccurs="0"/>
            <element name="phLevelCode5" type="xsd:string" minOccurs="0"/>
            <element name="unitsPerCarton" type="xsd:int" minOccurs="0"/>
            <element name="isSubscription" type="xsd:boolean"/>
            <element name="genItemCategory" type="xsd:string" minOccurs="0"/>
            <element ref="mat:component" minOccurs="0" maxOccurs="unbounded"/>
            <element ref="mat:subscriptionTerm" minOccurs="0" maxOccurs="unbounded"/>
            <element name="editionCategory" type="xsd:string" minOccurs="0"/>
            <element ref="mat:Oldmaterialnumber" minOccurs="0"/>
          </sequence>
        </complexType>
      </element>
      <element name="materialDetailList">
        <complexType>
          <sequence>
            <element ref="mat:materialDetail" minOccurs="0" maxOccurs="unbounded"/>
          </sequence>
        </complexType>
      </element>
      <element name="materialException" type="eai:eaiException"/>
      <element name="materialKeyList">
        <complexType>
          <sequence>
            <element name="materialID" minOccurs="0" maxOccurs="unbounded">
              <simpleType>
                <restriction base="xsd:string">
                  <maxLength value="18"/>
                </restriction>
              </simpleType>
            </element>
            <element name="isbn" minOccurs="0" maxOccurs="unbounded">
              <simpleType>
                <restriction base="xsd:string">
                  <maxLength value="18"/>
                </restriction>
              </simpleType>
            </element>
          </sequence>
        </complexType>
      </element>
      <element name="materialSubstitution" type="mat:substitution"/>
      <element name="materialSubstitutionList">
        <complexType>
          <sequence>
            <element ref="mat:materialSubstitution" minOccurs="0" maxOccurs="unbounded"/>
          </sequence>
        </complexType>
      </element>
      <element name="subscriptionTerm">
        <complexType>
          <sequence>
            <element name="duration" type="xsd:int" minOccurs="0"/>
            <element name="unit" type="xsd:string" minOccurs="0"/>
            <element name="rate" type="xsd:double" minOccurs="0"/>
            <element name="startDate" type="xsd:date" minOccurs="0"/>
            <element name="endDate" type="xsd:date" minOccurs="0"/>
          </sequence>
        </complexType>
      </element>
      <element name="substitutionValue">
        <complexType>
          <sequence>
            <element name="substituteID" type="xsd:string"/>
            <element name="substituteISBN" type="xsd:string"/>
            <element name="description" type="xsd:string"/>
            <element name="autoSubstitute" type="xsd:boolean" minOccurs="0"/>
            <element name="usePrimePrice" type="xsd:boolean" minOccurs="0"/>
            <element name="applySale" type="xsd:boolean" minOccurs="0"/>
            <element name="applySample" type="xsd:boolean" minOccurs="0"/>
          </sequence>
        </complexType>
      </element>
    </schema>
  </wsdl:types>
  <wsdl:service name="EnterpriseWebServices">
    <wsdl:port name="TransactionExEndpoint1" binding="tns:TransactionExEndpoint1Binding">
      <soap:address location="http://localhost:9110/BusinessProcesses/V1.1/EnterpriseWebServices.serviceagent/TransactionExEndpoint1"/>
    </wsdl:port>
    <wsdl:port name="MaterialExEndpoint1" binding="tns:MaterialExEndpoint1Binding">
      <soap:address location="http://localhost:9110/BusinessProcesses/V1.1/EnterpriseWebServices.serviceagent/MaterialExEndpoint1"/>
    </wsdl:port>
  </wsdl:service>
  <wsdl:portType name="TransactionEx">
    <wsdl:operation name="findTransactionsEx">
      <wsdl:input message="tns:findTransactionsServiceRequest"/>
      <wsdl:output message="tns:findTransactionsServiceResponse"/>
      <wsdl:fault name="transactionException" message="tns:transactionException"/>
    </wsdl:operation>
    <wsdl:operation name="getTransactionDetail">
      <wsdl:input message="tns:getTransactionDetailRequest"/>
      <wsdl:output message="tns:getTransactionDetailResponse"/>
      <wsdl:fault name="transactionException" message="tns:transactionException"/>
    </wsdl:operation>
    <wsdl:operation name="getTransactionDetailEx">
      <wsdl:input message="tns:getTransactionDetailServiceRequest"/>
      <wsdl:output message="tns:getTransactionDetailServiceResponse"/>
      <wsdl:fault name="transactionException" message="tns:transactionException"/>
    </wsdl:operation>
    <wsdl:operation name="findTransactions">
      <wsdl:input message="tns:findTransactionsRequest"/>
      <wsdl:output message="tns:findTransactionsResponse"/>
      <wsdl:fault name="transactionException" message="tns:transactionException"/>
    </wsdl:operation>
  </wsdl:portType>
  <wsdl:portType name="MaterialEx">
    <wsdl:operation name="getMaterialDetailEx">
      <wsdl:input message="tns:getMaterialDetailServiceRequest"/>
      <wsdl:output message="tns:getMaterialDetailServiceResponse"/>
      <wsdl:fault name="materialException" message="tns:materialException"/>
    </wsdl:operation>
    <wsdl:operation name="getMaterialDetail">
      <wsdl:input message="tns:getMaterialDetailRequest"/>
      <wsdl:output message="tns:getMaterialDetailResponse"/>
      <wsdl:fault name="materialException" message="tns:materialException"/>
    </wsdl:operation>
  </wsdl:portType>
  <wsdl:binding name="TransactionExEndpoint1Binding" type="tns:TransactionEx">
    <soap:binding style="document" transport="http://schemas.xmlsoap.org/soap/http"/>
    <wsdl:operation name="findTransactionsEx">
      <soap:operation style="document" soapAction="/BusinessProcesses/V1.1/EnterpriseWebServices.serviceagent//findTransactionsEx"/>
      <wsdl:input>
        <soap:body use="literal" parts="transactionSearchCriteria"/>
      </wsdl:input>
      <wsdl:output>
        <soap:body use="literal" parts="transactionList"/>
      </wsdl:output>
      <wsdl:fault name="transactionException">
        <soap:fault use="literal" name="transactionException"/>
      </wsdl:fault>
    </wsdl:operation>
    <wsdl:operation name="getTransactionDetail">
      <soap:operation style="document" soapAction="/BusinessProcesses/V1.1/EnterpriseWebServices.serviceagent/TransactionExEndpoint1/getTransactionDetail"/>
      <wsdl:input>
        <soap:body use="literal" parts="transactionIDList"/>
      </wsdl:input>
      <wsdl:output>
        <soap:body use="literal" parts="transactionList"/>
      </wsdl:output>
      <wsdl:fault name="transactionException">
        <soap:fault use="literal" name="transactionException"/>
      </wsdl:fault>
    </wsdl:operation>
    <wsdl:operation name="getTransactionDetailEx">
      <soap:operation style="document" soapAction="/BusinessProcesses/V1.1/EnterpriseWebServices.serviceagent/TransactionExEndpoint1/getTransactionDetailEx"/>
      <wsdl:input>
        <soap:body use="literal" parts="transactionIDList"/>
      </wsdl:input>
      <wsdl:output>
        <soap:body use="literal" parts="transactionList"/>
      </wsdl:output>
      <wsdl:fault name="transactionException">
        <soap:fault use="literal" name="transactionException"/>
      </wsdl:fault>
    </wsdl:operation>
    <wsdl:operation name="findTransactions">
      <soap:operation style="document" soapAction="/BusinessProcesses/V1.1/EnterpriseWebServices.serviceagent//findTransactions"/>
      <wsdl:input>
        <soap:body use="literal" parts="transactionSearchCriteria"/>
      </wsdl:input>
      <wsdl:output>
        <soap:body use="literal" parts="transactionList"/>
      </wsdl:output>
      <wsdl:fault name="transactionException">
        <soap:fault use="literal" name="transactionException"/>
      </wsdl:fault>
    </wsdl:operation>
  </wsdl:binding>
  <wsdl:binding name="MaterialExEndpoint1Binding" type="tns:MaterialEx">
    <soap:binding style="document" transport="http://schemas.xmlsoap.org/soap/http"/>
    <wsdl:operation name="getMaterialDetailEx">
      <soap:operation style="document" soapAction="/BusinessProcesses/V1.1/EnterpriseWebservices.serviceagent/MaterialExEndpoint1/getMaterialDetailEx"/>
      <wsdl:input>
        <soap:body use="literal" parts="getMaterialDetailServiceRequest"/>
      </wsdl:input>
      <wsdl:output>
        <soap:body use="literal" parts="getMaterialDetailServiceResponse"/>
      </wsdl:output>
      <wsdl:fault name="materialException">
        <soap:fault use="literal" name="materialException"/>
      </wsdl:fault>
    </wsdl:operation>
    <wsdl:operation name="getMaterialDetail">
      <soap:operation style="document" soapAction="/BusinessProcesses/V1.1/EnterpriseWebservices.serviceagent/MaterialExEndpoint1/getMaterialDetail"/>
      <wsdl:input>
        <soap:body use="literal" parts="getMaterialDetailRequest"/>
      </wsdl:input>
      <wsdl:output>
        <soap:body use="literal" parts="materialDetails"/>
      </wsdl:output>
      <wsdl:fault name="materialException">
        <soap:fault use="literal" name="materialException"/>
      </wsdl:fault>
    </wsdl:operation>
  </wsdl:binding>
  <wsdl:message name="findTransactionsServiceRequest">
    <wsdl:part name="transactionSearchCriteria" element="ns0:transactionSearchCriteria"/>
  </wsdl:message>
  <wsdl:message name="findTransactionsServiceResponse">
    <wsdl:part name="transactionList" element="ns0:transactionList"/>
  </wsdl:message>
  <wsdl:message name="transactionException">
    <wsdl:part name="transactionException" element="ns1:transactionException"/>
  </wsdl:message>
  <wsdl:message name="getTransactionDetailRequest">
    <wsdl:part name="transactionIDList" element="ns1:transactionIDList"/>
  </wsdl:message>
  <wsdl:message name="getTransactionDetailResponse">
    <wsdl:part name="transactionList" element="ns1:transactionList"/>
  </wsdl:message>
  <wsdl:message name="getTransactionDetailServiceRequest">
    <wsdl:part name="transactionIDList" element="ns0:transactionIDList"/>
  </wsdl:message>
  <wsdl:message name="getTransactionDetailServiceResponse">
    <wsdl:part name="transactionList" element="ns0:transactionList"/>
  </wsdl:message>
  <wsdl:message name="findTransactionsRequest">
    <wsdl:part name="transactionSearchCriteria" element="ns1:transactionSearchCriteria"/>
  </wsdl:message>
  <wsdl:message name="findTransactionsResponse">
    <wsdl:part name="transactionList" element="ns1:transactionList"/>
  </wsdl:message>
  <wsdl:message name="getMaterialDetailServiceRequest">
    <wsdl:part name="getMaterialDetailServiceRequest" element="ns2:getMaterialDetailRequest"/>
  </wsdl:message>
  <wsdl:message name="getMaterialDetailServiceResponse">
    <wsdl:part name="getMaterialDetailServiceResponse" element="ns2:materialDetailList"/>
  </wsdl:message>
  <wsdl:message name="materialException">
    <wsdl:part name="materialException" element="ns3:materialException"/>
  </wsdl:message>
  <wsdl:message name="getMaterialDetailRequest">
    <wsdl:part name="getMaterialDetailRequest" element="ns3:getMaterialDetailRequest"/>
  </wsdl:message>
  <wsdl:message name="getMaterialDetailResponse">
    <wsdl:part name="materialDetails" element="ns3:materialDetailList"/>
  </wsdl:message>
</wsdl:definitions>]]></con:content><con:type>http://schemas.xmlsoap.org/wsdl/</con:type></con:part></con:definitionCache><con:endpoints><con:endpoint>http://localhost:9110/BusinessProcesses/V1.1/EnterpriseWebServices.serviceagent/TransactionExEndpoint1</con:endpoint><con:endpoint>http://neduapp001b:9110/BusinessProcesses/V1.1/EnterpriseWebServices.serviceagent/TransactionExEndpoint1</con:endpoint></con:endpoints><con:operation isOneWay="false" action="/BusinessProcesses/V1.1/EnterpriseWebServices.serviceagent//findTransactions" name="findTransactions" bindingOperationName="findTransactions" type="Request-Response" inputName="" receivesAttachments="false" sendsAttachments="false" anonymous="optional"><con:settings/><con:call name="Request 1"><con:settings/><con:encoding>UTF-8</con:encoding><con:endpoint>http://localhost:9110/BusinessProcesses/V1.1/EnterpriseWebServices.serviceagent/TransactionExEndpoint1</con:endpoint><con:request><![CDATA[<soapenv:Envelope xmlns:soapenv="http://schemas.xmlsoap.org/soap/envelope/" xmlns:tran="http://www.hmco.com/EAI/OTS/Transaction">
   <soapenv:Header/>
   <soapenv:Body>
      <tran:transactionSearchCriteria>
         <!--Optional:-->
         <tran:searchType>?</tran:searchType>
         <!--Optional:-->
         <tran:customerID>?</tran:customerID>
         <!--Optional:-->
         <tran:fromDate>?</tran:fromDate>
         <!--Optional:-->
         <tran:toDate>?</tran:toDate>
         <tran:limitOfResults>?</tran:limitOfResults>
         <!--Optional:-->
         <tran:invoiceNo>?</tran:invoiceNo>
         <!--Optional:-->
         <tran:poNo>?</tran:poNo>
         <!--Optional:-->
         <tran:clientTransactionID>?</tran:clientTransactionID>
         <!--Optional:-->
         <tran:isbn>?</tran:isbn>
         <!--Optional:-->
         <tran:materialID>?</tran:materialID>
         <!--Optional:-->
         <tran:status>?</tran:status>
         <!--Optional:-->
         <tran:transactionType>?</tran:transactionType>
         <!--Optional:-->
         <tran:orderSource>?</tran:orderSource>
         <!--Optional:-->
         <tran:sanNumber>?</tran:sanNumber>
         <!--Optional:-->
         <tran:zipCode>?</tran:zipCode>
         <!--Optional:-->
         <tran:countryCode>?</tran:countryCode>
         <!--Optional:-->
         <tran:Division>?</tran:Division>
         <!--Optional:-->
         <tran:partnerFunctionList>
            <!--1 or more repetitions:-->
            <tran:partnerFunction>?</tran:partnerFunction>
         </tran:partnerFunctionList>
      </tran:transactionSearchCriteria>
   </soapenv:Body>
</soapenv:Envelope>]]></con:request><con:wsaConfig mustUnderstand="NONE" version="200508" action="/BusinessProcesses/V1.1/EnterpriseWebServices.serviceagent//findTransactions"/></con:call></con:operation><con:operation isOneWay="false" action="/BusinessProcesses/V1.1/EnterpriseWebServices.serviceagent//findTransactionsEx" name="findTransactionsEx" bindingOperationName="findTransactionsEx" type="Request-Response" inputName="" receivesAttachments="false" sendsAttachments="false" anonymous="optional"><con:settings/><con:call name="Request 1"><con:settings/><con:encoding>UTF-8</con:encoding><con:endpoint>http://localhost:9110/BusinessProcesses/V1.1/EnterpriseWebServices.serviceagent/TransactionExEndpoint1</con:endpoint><con:request><![CDATA[<soapenv:Envelope xmlns:soapenv="http://schemas.xmlsoap.org/soap/envelope/" xmlns:tran="http://www.hmco.com/EAI/OTS/TransactionNew">
   <soapenv:Header/>
   <soapenv:Body>
      <tran:transactionSearchCriteria>
         <!--Optional:-->
         <tran:searchType>?</tran:searchType>
         <!--Optional:-->
         <tran:customerID>?</tran:customerID>
         <!--Optional:-->
         <tran:fromDate>?</tran:fromDate>
         <!--Optional:-->
         <tran:toDate>?</tran:toDate>
         <tran:limitOfResults>?</tran:limitOfResults>
         <!--Optional:-->
         <tran:invoiceNo>?</tran:invoiceNo>
         <!--Optional:-->
         <tran:poNo>?</tran:poNo>
         <!--Optional:-->
         <tran:clientTransactionID>?</tran:clientTransactionID>
         <!--Optional:-->
         <tran:isbn>?</tran:isbn>
         <!--Optional:-->
         <tran:materialID>?</tran:materialID>
         <!--Optional:-->
         <tran:status>?</tran:status>
         <!--Optional:-->
         <tran:transactionType>?</tran:transactionType>
         <!--Optional:-->
         <tran:orderSource>?</tran:orderSource>
         <!--Optional:-->
         <tran:sanNumber>?</tran:sanNumber>
         <!--Optional:-->
         <tran:zipCode>?</tran:zipCode>
         <!--Optional:-->
         <tran:countryCode>?</tran:countryCode>
         <!--Optional:-->
         <tran:Division>?</tran:Division>
         <!--Optional:-->
         <tran:partnerFunctionList>
            <!--1 or more repetitions:-->
            <tran:partnerFunction>?</tran:partnerFunction>
         </tran:partnerFunctionList>
      </tran:transactionSearchCriteria>
   </soapenv:Body>
</soapenv:Envelope>]]></con:request><con:jmsConfig JMSDeliveryMode="PERSISTENT"/><con:jmsPropertyConfig/><con:wsaConfig mustUnderstand="NONE" version="200508" action="/BusinessProcesses/V1.1/EnterpriseWebServices.serviceagent//findTransactionsEx"/><con:wsrmConfig version="1.2"/></con:call></con:operation><con:operation isOneWay="false" action="/BusinessProcesses/V1.1/EnterpriseWebServices.serviceagent/TransactionExEndpoint1/getTransactionDetail" name="getTransactionDetail" bindingOperationName="getTransactionDetail" type="Request-Response" inputName="" receivesAttachments="false" sendsAttachments="false" anonymous="optional"><con:settings/><con:call name="Request 1"><con:settings/><con:encoding>UTF-8</con:encoding><con:endpoint>http://localhost:9110/BusinessProcesses/V1.1/EnterpriseWebServices.serviceagent/TransactionExEndpoint1</con:endpoint><con:request><![CDATA[<soapenv:Envelope xmlns:soapenv="http://schemas.xmlsoap.org/soap/envelope/" xmlns:tran="http://www.hmco.com/EAI/OTS/Transaction">
   <soapenv:Header/>
   <soapenv:Body>
      <tran:transactionIDList>
         <!--1 or more repetitions:-->
         <tran:transactionID>?</tran:transactionID>
      </tran:transactionIDList>
   </soapenv:Body>
</soapenv:Envelope>]]></con:request><con:wsaConfig mustUnderstand="NONE" version="200508" action="/BusinessProcesses/V1.1/EnterpriseWebServices.serviceagent/TransactionExEndpoint1/getTransactionDetail"/></con:call></con:operation><con:operation isOneWay="false" action="/BusinessProcesses/V1.1/EnterpriseWebServices.serviceagent/TransactionExEndpoint1/getTransactionDetailEx" name="getTransactionDetailEx" bindingOperationName="getTransactionDetailEx" type="Request-Response" inputName="" receivesAttachments="false" sendsAttachments="false" anonymous="optional"><con:settings/><con:call name="Request 1"><con:settings><con:setting id="com.eviware.soapui.impl.wsdl.WsdlRequest@request-headers">&lt;xml-fragment/></con:setting></con:settings><con:encoding>UTF-8</con:encoding><con:endpoint>http://neduapp001b:9110/BusinessProcesses/V1.1/EnterpriseWebServices.serviceagent/TransactionExEndpoint1</con:endpoint><con:request><![CDATA[<soapenv:Envelope xmlns:soapenv="http://schemas.xmlsoap.org/soap/envelope/" xmlns:tran="http://www.hmco.com/EAI/OTS/TransactionNew">
   <soapenv:Header/>
   <soapenv:Body>
      <tran:transactionIDList>
         <!--1 or more repetitions:-->
         <tran:transactionID>0004210317</tran:transactionID>
      </tran:transactionIDList>
   </soapenv:Body>
</soapenv:Envelope>]]></con:request><con:jmsConfig JMSDeliveryMode="PERSISTENT"/><con:jmsPropertyConfig/><con:wsaConfig mustUnderstand="NONE" version="200508" action="/BusinessProcesses/V1.1/EnterpriseWebServices.serviceagent/TransactionExEndpoint1/getTransactionDetailEx"/><con:wsrmConfig version="1.2"/></con:call></con:operation></con:interface><con:properties/><con:wssContainer/></con:soapui-project>