<?xml version="1.0" encoding="UTF-8"?>
<con:soapui-project name="getMaterialDetailAsyncpoll" resourceRoot="" soapui-version="3.0.1" abortOnError="false" runType="SEQUENTIAL" xmlns:con="http://eviware.com/soapui/config"><con:settings/><con:interface xsi:type="con:WsdlInterface" wsaVersion="NONE" name="SOAPEventSourceBinding" type="wsdl" bindingName="{http://www.hmco.com/EAI/OTS/Material/asyncPollImpl}SOAPEventSourceBinding" soapVersion="1_1" anonymous="optional" definition="file:/C:/Documents%20and%20Settings/195361/My%20Documents/getMaterialDetailAsyncpoll.wsdl" xmlns:xsi="http://www.w3.org/2001/XMLSchema-instance"><con:settings/><con:definitionCache type="TEXT" rootPart="file:/C:/Documents%20and%20Settings/195361/My%20Documents/getMaterialDetailAsyncpoll.wsdl"><con:part><con:url>file:/C:/Documents%20and%20Settings/195361/My%20Documents/getMaterialDetailAsyncpoll.wsdl</con:url><con:content><![CDATA[<!--Created by TIBCO WSDL-->
<wsdl:definitions name="Untitled" targetNamespace="http://www.hmco.com/EAI/OTS/Material/asyncPollImpl" xmlns:wsdl="http://schemas.xmlsoap.org/wsdl/" xmlns:tns="http://www.hmco.com/EAI/OTS/Material/asyncPollImpl" xmlns:soap="http://schemas.xmlsoap.org/wsdl/soap/" xmlns:ns0="http://www.hmco.com/EAI">
  <wsdl:types>
    <xsd:schema targetNamespace="http://www.hmco.com/EAI" elementFormDefault="qualified" attributeFormDefault="unqualified" xmlns="http://www.hmco.com/EAI" xmlns:xsd="http://www.w3.org/2001/XMLSchema">
      <xsd:complexType name="eaiException">
        <xsd:sequence>
          <xsd:element ref="ns0:errorList"/>
        </xsd:sequence>
      </xsd:complexType>
      <xsd:complexType name="error">
        <xsd:sequence>
          <xsd:element name="errorCategory" type="xsd:string"/>
          <xsd:element name="errorCode" type="xsd:string"/>
          <xsd:element name="errorMessage" type="xsd:string"/>
        </xsd:sequence>
      </xsd:complexType>
      <xsd:element name="asyncRequestId">
        <xsd:complexType>
          <xsd:sequence>
            <xsd:element ref="ns0:requestId"/>
          </xsd:sequence>
        </xsd:complexType>
      </xsd:element>
      <xsd:element name="asyncRequestStatus">
        <xsd:complexType>
          <xsd:sequence>
            <xsd:element name="isReady" type="xsd:boolean"/>
          </xsd:sequence>
        </xsd:complexType>
      </xsd:element>
      <xsd:element name="error" type="ns0:error"/>
      <xsd:element name="errorList">
        <xsd:complexType>
          <xsd:sequence>
            <xsd:element ref="ns0:error" minOccurs="0" maxOccurs="unbounded"/>
          </xsd:sequence>
        </xsd:complexType>
      </xsd:element>
      <xsd:element name="requestId" type="xsd:string"/>
    </xsd:schema>
  </wsdl:types>
  <wsdl:service name="asyncPoll">
    <wsdl:port name="SOAPEventSource" binding="tns:SOAPEventSourceBinding">
      <soap:address location="http://hyddl2213:9004/BusinessProcesses/Material/GetMaterialDetail/MainProcesses/asyncPoll"/>
    </wsdl:port>
  </wsdl:service>
  <wsdl:portType name="Material">
    <wsdl:operation name="asyncPoll">
      <wsdl:input message="tns:asyncRequestId"/>
      <wsdl:output message="tns:asyncRequestStatus"/>
      <wsdl:fault name="eaiException" message="tns:eaiException"/>
    </wsdl:operation>
  </wsdl:portType>
  <wsdl:binding name="SOAPEventSourceBinding" type="tns:Material">
    <soap:binding style="document" transport="http://schemas.xmlsoap.org/soap/http"/>
    <wsdl:operation name="asyncPoll">
      <soap:operation style="document" soapAction="/BusinessProcesses/Material/GetMaterialDetail/MainProcesses/asyncPoll"/>
      <wsdl:input>
        <soap:body use="literal" parts="asyncRequestId"/>
      </wsdl:input>
      <wsdl:output>
        <soap:body use="literal" parts="asyncRequestStatus"/>
      </wsdl:output>
      <wsdl:fault name="eaiException">
        <soap:fault use="literal" name="eaiException"/>
      </wsdl:fault>
    </wsdl:operation>
  </wsdl:binding>
  <wsdl:message name="asyncRequestId">
    <wsdl:part name="asyncRequestId" element="ns0:asyncRequestId"/>
  </wsdl:message>
  <wsdl:message name="asyncRequestStatus">
    <wsdl:part name="asyncRequestStatus" element="ns0:asyncRequestStatus"/>
  </wsdl:message>
  <wsdl:message name="eaiException">
    <wsdl:part name="eaiException" type="ns0:eaiException"/>
  </wsdl:message>
</wsdl:definitions>]]></con:content><con:type>http://schemas.xmlsoap.org/wsdl/</con:type></con:part></con:definitionCache><con:endpoints><con:endpoint>http://hyddl2213:9004/BusinessProcesses/Material/GetMaterialDetail/MainProcesses/asyncPoll</con:endpoint></con:endpoints><con:operation isOneWay="false" action="/BusinessProcesses/Material/GetMaterialDetail/MainProcesses/asyncPoll" name="asyncPoll" bindingOperationName="asyncPoll" type="Request-Response" inputName="" receivesAttachments="false" sendsAttachments="false" anonymous="optional"><con:settings/><con:call name="Request 1"><con:settings/><con:encoding>UTF-8</con:encoding><con:endpoint>http://hyddl2213:9004/BusinessProcesses/Material/GetMaterialDetail/MainProcesses/asyncPoll</con:endpoint><con:request><![CDATA[<soapenv:Envelope xmlns:soapenv="http://schemas.xmlsoap.org/soap/envelope/" xmlns:eai="http://www.hmco.com/EAI">
   <soapenv:Header/>
   <soapenv:Body>
      <eai:asyncRequestId>
         <eai:requestId>14871</eai:requestId>
      </eai:asyncRequestId>
   </soapenv:Body>
</soapenv:Envelope>]]></con:request><con:wsaConfig mustUnderstand="NONE" version="200508" action="/BusinessProcesses/Material/GetMaterialDetail/MainProcesses/asyncPoll"/><con:wsrmConfig version="1.2"/></con:call></con:operation></con:interface><con:properties/><con:wssContainer/></con:soapui-project>