<?xml version="1.0" encoding="UTF-8"?>
<con:soapui-project name="OrderEntryService.wsdl" resourceRoot="" soapui-version="3.0.1" abortOnError="false" runType="SEQUENTIAL" xmlns:con="http://eviware.com/soapui/config"><con:settings/><con:interface xsi:type="con:WsdlInterface" wsaVersion="NONE" name="OrderEntryServiceBinding" type="wsdl" bindingName="{http://soap.sforce.com/schemas/class/OrderEntryService}OrderEntryServiceBinding" soapVersion="1_1" anonymous="optional" definition="file:/D:/Raj/HMH/Enhancements/Ent_Webservices_NewDev/OrderEntryService.wsdl.xml" xmlns:xsi="http://www.w3.org/2001/XMLSchema-instance"><con:settings/><con:definitionCache type="TEXT" rootPart="file:/D:/Raj/HMH/Enhancements/Ent_Webservices_NewDev/OrderEntryService.wsdl.xml"><con:part><con:url>file:/D:/Raj/HMH/Enhancements/Ent_Webservices_NewDev/OrderEntryService.wsdl.xml</con:url><con:content><![CDATA[<!--Web Services API : OrderEntryService-->
<definitions targetNamespace="http://soap.sforce.com/schemas/class/OrderEntryService" xmlns:xsd="http://www.w3.org/2001/XMLSchema" xmlns="http://schemas.xmlsoap.org/wsdl/" xmlns:soap="http://schemas.xmlsoap.org/wsdl/soap/" xmlns:tns="http://soap.sforce.com/schemas/class/OrderEntryService">
  <types>
    <xsd:schema elementFormDefault="qualified" targetNamespace="http://soap.sforce.com/schemas/class/OrderEntryService">
      <xsd:element name="DebuggingInfo">
        <xsd:complexType>
          <xsd:sequence>
            <xsd:element name="debugLog" type="xsd:string"/>
          </xsd:sequence>
        </xsd:complexType>
      </xsd:element>
      <xsd:simpleType name="ID">
        <xsd:restriction base="xsd:string">
          <xsd:length value="18"/>
          <xsd:pattern value="[a-zA-Z0-9]{18}"/>
        </xsd:restriction>
      </xsd:simpleType>
      <xsd:simpleType name="LogCategory">
        <xsd:restriction base="xsd:string">
          <xsd:enumeration value="Db"/>
          <xsd:enumeration value="Workflow"/>
          <xsd:enumeration value="Validation"/>
          <xsd:enumeration value="Callout"/>
          <xsd:enumeration value="Apex_code"/>
          <xsd:enumeration value="Apex_profiling"/>
          <xsd:enumeration value="All"/>
        </xsd:restriction>
      </xsd:simpleType>
      <xsd:simpleType name="LogCategoryLevel">
        <xsd:restriction base="xsd:string">
          <xsd:enumeration value="Internal"/>
          <xsd:enumeration value="Finest"/>
          <xsd:enumeration value="Finer"/>
          <xsd:enumeration value="Fine"/>
          <xsd:enumeration value="Debug"/>
          <xsd:enumeration value="Info"/>
          <xsd:enumeration value="Warn"/>
          <xsd:enumeration value="Error"/>
        </xsd:restriction>
      </xsd:simpleType>
      <xsd:complexType name="LogInfo">
        <xsd:sequence>
          <xsd:element name="category" type="tns:LogCategory"/>
          <xsd:element name="level" type="tns:LogCategoryLevel"/>
        </xsd:sequence>
      </xsd:complexType>
      <xsd:simpleType name="LogType">
        <xsd:restriction base="xsd:string">
          <xsd:enumeration value="None"/>
          <xsd:enumeration value="Debugonly"/>
          <xsd:enumeration value="Db"/>
          <xsd:enumeration value="Profiling"/>
          <xsd:enumeration value="Callout"/>
          <xsd:enumeration value="Detail"/>
        </xsd:restriction>
      </xsd:simpleType>
      <xsd:element name="DebuggingHeader">
        <xsd:complexType>
          <xsd:sequence>
            <xsd:element name="categories" minOccurs="0" maxOccurs="unbounded" type="tns:LogInfo"/>
            <xsd:element name="debugLevel" type="tns:LogType"/>
          </xsd:sequence>
        </xsd:complexType>
      </xsd:element>
      <xsd:element name="CallOptions">
        <xsd:complexType>
          <xsd:sequence>
            <xsd:element name="client" type="xsd:string"/>
          </xsd:sequence>
        </xsd:complexType>
      </xsd:element>
      <xsd:element name="SessionHeader">
        <xsd:complexType>
          <xsd:sequence>
            <xsd:element name="sessionId" type="xsd:string"/>
          </xsd:sequence>
        </xsd:complexType>
      </xsd:element>
      <xsd:element name="AllowFieldTruncationHeader">
        <xsd:complexType>
          <xsd:sequence>
            <xsd:element name="allowFieldTruncation" type="xsd:boolean"/>
          </xsd:sequence>
        </xsd:complexType>
      </xsd:element>
      <xsd:complexType name="BasisOrder">
        <xsd:sequence>
          <xsd:element name="basisOrderUsed" minOccurs="0" type="xsd:boolean" nillable="true"/>
          <xsd:element name="entryDivision" minOccurs="0" type="xsd:string" nillable="true"/>
          <xsd:element name="entryYear" minOccurs="0" type="xsd:int" nillable="true"/>
          <xsd:element name="hasEGood" minOccurs="0" type="xsd:boolean" nillable="true"/>
          <xsd:element name="lineList" minOccurs="0" maxOccurs="unbounded" type="tns:BasisOrderLine" nillable="true"/>
          <xsd:element name="sfdcInternalOrderId" minOccurs="0" type="tns:ID" nillable="true"/>
          <xsd:element name="sfdcOrderNumber" minOccurs="0" type="xsd:string" nillable="true"/>
          <xsd:element name="state" minOccurs="0" type="xsd:string" nillable="true"/>
          <xsd:element name="transactionType" minOccurs="0" type="xsd:string" nillable="true"/>
        </xsd:sequence>
      </xsd:complexType>
      <xsd:complexType name="BasisOrderLine">
        <xsd:sequence>
          <xsd:element name="beginningGradeLevel" minOccurs="0" type="xsd:string" nillable="true"/>
          <xsd:element name="cpsiaReqCertificate" minOccurs="0" type="xsd:boolean" nillable="true"/>
          <xsd:element name="cpsiaReqLabel" minOccurs="0" type="xsd:boolean" nillable="true"/>
          <xsd:element name="customerTitle" minOccurs="0" type="xsd:string" nillable="true"/>
          <xsd:element name="eGoodIndicator" minOccurs="0" type="xsd:string" nillable="true"/>
          <xsd:element name="endingGradeLevel" minOccurs="0" type="xsd:string" nillable="true"/>
          <xsd:element name="isbn13" minOccurs="0" type="xsd:string" nillable="true"/>
          <xsd:element name="productHierarchyLevelDesc1" minOccurs="0" type="xsd:string" nillable="true"/>
          <xsd:element name="productHierarchyLevelDesc2" minOccurs="0" type="xsd:string" nillable="true"/>
          <xsd:element name="productHierarchyLevelDesc3" minOccurs="0" type="xsd:string" nillable="true"/>
          <xsd:element name="productHierarchyLevelDesc4" minOccurs="0" type="xsd:string" nillable="true"/>
          <xsd:element name="productHierarchyLevelDesc5" minOccurs="0" type="xsd:string" nillable="true"/>
          <xsd:element name="quantity" minOccurs="0" type="xsd:double" nillable="true"/>
          <xsd:element name="sfdcInternalOrderLineId" minOccurs="0" type="tns:ID" nillable="true"/>
          <xsd:element name="shortProductCode" minOccurs="0" type="xsd:string" nillable="true"/>
        </xsd:sequence>
      </xsd:complexType>
      <xsd:complexType name="BasisOrderSearchCriteria">
        <xsd:sequence>
          <xsd:element name="entryDivision" minOccurs="0" type="xsd:string" nillable="true"/>
          <xsd:element name="entryYear" minOccurs="0" type="xsd:int" nillable="true"/>
          <xsd:element name="pid" minOccurs="0" type="xsd:string" nillable="true"/>
          <xsd:element name="sfdcOrderNumber" minOccurs="0" type="xsd:string" nillable="true"/>
        </xsd:sequence>
      </xsd:complexType>
      <xsd:complexType name="BasisOrderSearchResult">
        <xsd:sequence>
          <xsd:element name="basisOrderList" minOccurs="0" maxOccurs="unbounded" type="tns:BasisOrder" nillable="true"/>
          <xsd:element name="message" minOccurs="0" type="xsd:string" nillable="true"/>
          <xsd:element name="status" minOccurs="0" type="xsd:string" nillable="true"/>
        </xsd:sequence>
      </xsd:complexType>
      <xsd:complexType name="OrderNote">
        <xsd:sequence>
          <xsd:element name="adHocNoteTitle" minOccurs="0" type="xsd:string" nillable="true"/>
          <xsd:element name="adNocNote" minOccurs="0" type="xsd:string" nillable="true"/>
        </xsd:sequence>
      </xsd:complexType>
      <xsd:complexType name="SubmitOrder">
        <xsd:sequence>
          <xsd:element name="accountId" minOccurs="0" type="xsd:string" nillable="true"/>
          <xsd:element name="attnTo" minOccurs="0" type="xsd:string" nillable="true"/>
          <xsd:element name="basisSfdcInternalOrderId" minOccurs="0" type="tns:ID" nillable="true"/>
          <xsd:element name="clieanTransactionId" minOccurs="0" type="xsd:string" nillable="true"/>
          <xsd:element name="clientSystemId" minOccurs="0" type="xsd:string" nillable="true"/>
          <xsd:element name="contactEmail" minOccurs="0" type="xsd:string" nillable="true"/>
          <xsd:element name="contactName" minOccurs="0" type="xsd:string" nillable="true"/>
          <xsd:element name="contactPhone" minOccurs="0" type="xsd:string" nillable="true"/>
          <xsd:element name="deliveryNotes" minOccurs="0" type="xsd:string" nillable="true"/>
          <xsd:element name="districtPid" minOccurs="0" type="xsd:string" nillable="true"/>
          <xsd:element name="egoodEmail" minOccurs="0" type="xsd:string" nillable="true"/>
          <xsd:element name="entryDivision" minOccurs="0" type="xsd:string" nillable="true"/>
          <xsd:element name="lineList" minOccurs="0" type="tns:SubmitOrderLine" nillable="true"/>
          <xsd:element name="orderNoteList" minOccurs="0" maxOccurs="unbounded" type="tns:OrderNote" nillable="true"/>
          <xsd:element name="orderReasonCode" minOccurs="0" type="xsd:string" nillable="true"/>
          <xsd:element name="packBySchoolOrGrade" minOccurs="0" type="xsd:string" nillable="true"/>
          <xsd:element name="poNunmber" minOccurs="0" type="xsd:string" nillable="true"/>
          <xsd:element name="shipDateOption" minOccurs="0" type="xsd:string" nillable="true"/>
          <xsd:element name="shipDateOptionDate" minOccurs="0" type="xsd:date" nillable="true"/>
          <xsd:element name="shippingAccountName" minOccurs="0" type="xsd:string" nillable="true"/>
          <xsd:element name="shippingAddressCity" minOccurs="0" type="xsd:string" nillable="true"/>
          <xsd:element name="shippingAddressLine1" minOccurs="0" type="xsd:string" nillable="true"/>
          <xsd:element name="shippingAddressLine2" minOccurs="0" type="xsd:string" nillable="true"/>
          <xsd:element name="shippingAddressState" minOccurs="0" type="xsd:string" nillable="true"/>
          <xsd:element name="shippingCountry" minOccurs="0" type="xsd:string" nillable="true"/>
          <xsd:element name="shippingZip" minOccurs="0" type="xsd:string" nillable="true"/>
          <xsd:element name="shipToPid" minOccurs="0" type="xsd:string" nillable="true"/>
          <xsd:element name="transactionName" minOccurs="0" type="xsd:string" nillable="true"/>
          <xsd:element name="transactionType" minOccurs="0" type="xsd:string" nillable="true"/>
          <xsd:element name="useOverrideAddress" minOccurs="0" type="xsd:boolean" nillable="true"/>
        </xsd:sequence>
      </xsd:complexType>
      <xsd:complexType name="SubmitOrderLine">
        <xsd:sequence>
          <xsd:element name="isbn13" minOccurs="0" type="xsd:string" nillable="true"/>
          <xsd:element name="lineItemNote" minOccurs="0" type="xsd:string" nillable="true"/>
          <xsd:element name="quantity" minOccurs="0" type="xsd:double" nillable="true"/>
          <xsd:element name="sfdcInternalOrderLineId" minOccurs="0" type="tns:ID" nillable="true"/>
          <xsd:element name="shortProductCode" minOccurs="0" type="xsd:string" nillable="true"/>
        </xsd:sequence>
      </xsd:complexType>
      <xsd:complexType name="SubmitOrderResult">
        <xsd:sequence>
          <xsd:element name="message" minOccurs="0" type="xsd:string" nillable="true"/>
          <xsd:element name="poNumber" minOccurs="0" type="xsd:string" nillable="true"/>
          <xsd:element name="sfdcInternalOrderId" minOccurs="0" type="xsd:string" nillable="true"/>
          <xsd:element name="sfdcOrderNumber" minOccurs="0" type="xsd:string" nillable="true"/>
          <xsd:element name="status" minOccurs="0" type="xsd:string" nillable="true"/>
        </xsd:sequence>
      </xsd:complexType>
      <xsd:element name="searchBasisOrder">
        <xsd:complexType>
          <xsd:sequence>
            <xsd:element name="criteria" type="tns:BasisOrderSearchCriteria" nillable="true"/>
          </xsd:sequence>
        </xsd:complexType>
      </xsd:element>
      <xsd:element name="searchBasisOrderResponse">
        <xsd:complexType>
          <xsd:sequence>
            <xsd:element name="result" type="tns:BasisOrderSearchResult" nillable="true"/>
          </xsd:sequence>
        </xsd:complexType>
      </xsd:element>
      <xsd:element name="submitOrder">
        <xsd:complexType>
          <xsd:sequence>
            <xsd:element name="order" type="tns:SubmitOrder" nillable="true"/>
          </xsd:sequence>
        </xsd:complexType>
      </xsd:element>
      <xsd:element name="submitOrderResponse">
        <xsd:complexType>
          <xsd:sequence>
            <xsd:element name="result" type="tns:SubmitOrderResult" nillable="true"/>
          </xsd:sequence>
        </xsd:complexType>
      </xsd:element>
    </xsd:schema>
  </types>
  <!--Message for the header parts-->
  <message name="Header">
    <part name="AllowFieldTruncationHeader" element="tns:AllowFieldTruncationHeader"/>
    <part name="CallOptions" element="tns:CallOptions"/>
    <part name="DebuggingHeader" element="tns:DebuggingHeader"/>
    <part name="DebuggingInfo" element="tns:DebuggingInfo"/>
    <part name="SessionHeader" element="tns:SessionHeader"/>
  </message>
  <!--Operation Messages-->
  <message name="searchBasisOrderRequest">
    <part element="tns:searchBasisOrder" name="parameters"/>
  </message>
  <message name="searchBasisOrderResponse">
    <part element="tns:searchBasisOrderResponse" name="parameters"/>
  </message>
  <message name="submitOrderRequest">
    <part element="tns:submitOrder" name="parameters"/>
  </message>
  <message name="submitOrderResponse">
    <part element="tns:submitOrderResponse" name="parameters"/>
  </message>
  <portType name="OrderEntryServicePortType">
    <operation name="searchBasisOrder">
      <input message="tns:searchBasisOrderRequest"/>
      <output message="tns:searchBasisOrderResponse"/>
    </operation>
    <operation name="submitOrder">
      <input message="tns:submitOrderRequest"/>
      <output message="tns:submitOrderResponse"/>
    </operation>
  </portType>
  <binding name="OrderEntryServiceBinding" type="tns:OrderEntryServicePortType">
    <soap:binding style="document" transport="http://schemas.xmlsoap.org/soap/http"/>
    <operation name="searchBasisOrder">
      <soap:operation soapAction=""/>
      <input>
        <soap:header use="literal" part="SessionHeader" message="tns:Header"/>
        <soap:header use="literal" part="CallOptions" message="tns:Header"/>
        <soap:header use="literal" part="DebuggingHeader" message="tns:Header"/>
        <soap:header use="literal" part="AllowFieldTruncationHeader" message="tns:Header"/>
        <soap:body use="literal" parts="parameters"/>
      </input>
      <output>
        <soap:header use="literal" part="DebuggingInfo" message="tns:Header"/>
        <soap:body use="literal"/>
      </output>
    </operation>
    <operation name="submitOrder">
      <soap:operation soapAction=""/>
      <input>
        <soap:header use="literal" part="SessionHeader" message="tns:Header"/>
        <soap:header use="literal" part="CallOptions" message="tns:Header"/>
        <soap:header use="literal" part="DebuggingHeader" message="tns:Header"/>
        <soap:header use="literal" part="AllowFieldTruncationHeader" message="tns:Header"/>
        <soap:body use="literal" parts="parameters"/>
      </input>
      <output>
        <soap:header use="literal" part="DebuggingInfo" message="tns:Header"/>
        <soap:body use="literal"/>
      </output>
    </operation>
  </binding>
  <service name="OrderEntryServiceService">
    <documentation/>
    <port binding="tns:OrderEntryServiceBinding" name="OrderEntryService">
      <soap:address location="https://cs1-api.salesforce.com/services/Soap/class/OrderEntryService"/>
    </port>
  </service>
</definitions>]]></con:content><con:type>http://schemas.xmlsoap.org/wsdl/</con:type></con:part></con:definitionCache><con:endpoints><con:endpoint>https://cs1-api.salesforce.com/services/Soap/class/OrderEntryService</con:endpoint></con:endpoints><con:operation isOneWay="false" action="" name="searchBasisOrder" bindingOperationName="searchBasisOrder" type="Request-Response" inputName="" receivesAttachments="false" sendsAttachments="false" anonymous="optional"><con:settings/><con:call name="Request 1"><con:settings/><con:encoding>UTF-8</con:encoding><con:endpoint>https://cs1-api.salesforce.com/services/Soap/class/OrderEntryService</con:endpoint><con:request><![CDATA[<soapenv:Envelope xmlns:soapenv="http://schemas.xmlsoap.org/soap/envelope/" xmlns:ord="http://soap.sforce.com/schemas/class/OrderEntryService">
   <soapenv:Header>
      <ord:AllowFieldTruncationHeader>
         <ord:allowFieldTruncation>tr</ord:allowFieldTruncation>
      </ord:AllowFieldTruncationHeader>
      <ord:DebuggingHeader>
         <!--Zero or more repetitions:-->
         <ord:categories>
            <ord:category>DIVISION</ord:category>
            <ord:level>1</ord:level>
         </ord:categories>
         <ord:debugLevel>1</ord:debugLevel>
      </ord:DebuggingHeader>
      <ord:CallOptions>
         <ord:client>1</ord:client>
      </ord:CallOptions>
      <ord:SessionHeader>
         <ord:sessionId>00DS00000005lOJ!ARcAQA9h7vr_.RLxCxfD8iSCv7Ux9SZAVS38A8YVQSY63q9Cna5IDxl41zXEOrtek18n8wR1wD_pDMOib.hgHbQxOCFcGRzv</ord:sessionId>
      </ord:SessionHeader>
   </soapenv:Header>
   <soapenv:Body>
      <ord:searchBasisOrder>
         <ord:criteria>
            
            <ord:entryDivision>DIVISION_SCHOOL</ord:entryDivision>
           
            <ord:entryYear>1996</ord:entryYear>
           
            <ord:pid>1</ord:pid>
           
            <ord:sfdcOrderNumber>1</ord:sfdcOrderNumber>
         </ord:criteria>
      </ord:searchBasisOrder>
   </soapenv:Body>
</soapenv:Envelope>]]></con:request><con:wsaConfig mustUnderstand="NONE" version="200508" action="http://soap.sforce.com/schemas/class/OrderEntryService/OrderEntryServicePortType/searchBasisOrderRequest"/><con:wsrmConfig version="1.2"/></con:call><con:call name="Request 2"><con:settings/><con:encoding>UTF-8</con:encoding><con:endpoint>https://cs1-api.salesforce.com/services/Soap/class/OrderEntryService</con:endpoint><con:request><![CDATA[<soapenv:Envelope xmlns:soapenv="http://schemas.xmlsoap.org/soap/envelope/" xmlns:ord="http://soap.sforce.com/schemas/class/OrderEntryService">
   <soapenv:Header>
      <ord:AllowFieldTruncationHeader>
         <ord:allowFieldTruncation>True</ord:allowFieldTruncation>
      </ord:AllowFieldTruncationHeader>
      <ord:DebuggingHeader>
         <!--Zero or more repetitions:-->
         <ord:categories>
            <ord:category>DIVISION</ord:category>
            <ord:level>1</ord:level>
         </ord:categories>
         <ord:debugLevel>1</ord:debugLevel>
      </ord:DebuggingHeader>
      <ord:CallOptions>
         <ord:client></ord:client>
      </ord:CallOptions>
      <ord:SessionHeader>
         <ord:sessionId>00DS00000005lOJ!ARcAQA9h7vr_.RLxCxfD8iSCv7Ux9SZAVS38A8YVQSY63q9Cna5IDxl41zXEOrtek18n8wR1wD_pDMOib.hgHbQxOCFcGRzv</ord:sessionId>
      </ord:SessionHeader>
   </soapenv:Header>
   <soapenv:Body>
      <ord:searchBasisOrder>
         <ord:criteria>
            <!--Optional:-->
            <ord:entryDivision>DIVISION_SCHOOL</ord:entryDivision>
            <!--Optional:-->
            <ord:entryYear>2006</ord:entryYear>
            <!--Optional:-->
            <ord:pid>123</ord:pid>
            <!--Optional:-->
            <ord:sfdcOrderNumber>123</ord:sfdcOrderNumber>
         </ord:criteria>
      </ord:searchBasisOrder>
   </soapenv:Body>
</soapenv:Envelope>]]></con:request><con:wsaConfig mustUnderstand="NONE" version="200508" action="http://soap.sforce.com/schemas/class/OrderEntryService/OrderEntryServicePortType/searchBasisOrderRequest"/><con:wsrmConfig version="1.2"/></con:call></con:operation><con:operation isOneWay="false" action="" name="submitOrder" bindingOperationName="submitOrder" type="Request-Response" inputName="" receivesAttachments="false" sendsAttachments="false" anonymous="optional"><con:settings/><con:call name="Request 1"><con:settings/><con:encoding>UTF-8</con:encoding><con:endpoint>https://cs1-api.salesforce.com/services/Soap/class/OrderEntryService</con:endpoint><con:request><![CDATA[<soapenv:Envelope xmlns:soapenv="http://schemas.xmlsoap.org/soap/envelope/" xmlns:ord="http://soap.sforce.com/schemas/class/OrderEntryService">
   <soapenv:Header>
      <ord:AllowFieldTruncationHeader>
         <ord:allowFieldTruncation>?</ord:allowFieldTruncation>
      </ord:AllowFieldTruncationHeader>
      <ord:DebuggingHeader>
         <!--Zero or more repetitions:-->
         <ord:categories>
            <ord:category>?</ord:category>
            <ord:level>?</ord:level>
         </ord:categories>
         <ord:debugLevel>?</ord:debugLevel>
      </ord:DebuggingHeader>
      <ord:CallOptions>
         <ord:client>?</ord:client>
      </ord:CallOptions>
      <ord:SessionHeader>
         <ord:sessionId>?</ord:sessionId>
      </ord:SessionHeader>
   </soapenv:Header>
   <soapenv:Body>
      <ord:submitOrder>
         <ord:order>
            <!--Optional:-->
            <ord:accountId>?</ord:accountId>
            <!--Optional:-->
            <ord:attnTo>?</ord:attnTo>
            <!--Optional:-->
            <ord:basisSfdcInternalOrderId>?</ord:basisSfdcInternalOrderId>
            <!--Optional:-->
            <ord:clieanTransactionId>?</ord:clieanTransactionId>
            <!--Optional:-->
            <ord:clientSystemId>?</ord:clientSystemId>
            <!--Optional:-->
            <ord:contactEmail>?</ord:contactEmail>
            <!--Optional:-->
            <ord:contactName>?</ord:contactName>
            <!--Optional:-->
            <ord:contactPhone>?</ord:contactPhone>
            <!--Optional:-->
            <ord:deliveryNotes>?</ord:deliveryNotes>
            <!--Optional:-->
            <ord:districtPid>?</ord:districtPid>
            <!--Optional:-->
            <ord:egoodEmail>?</ord:egoodEmail>
            <!--Optional:-->
            <ord:entryDivision>?</ord:entryDivision>
            <!--Optional:-->
            <ord:lineList>
               <!--Optional:-->
               <ord:isbn13>?</ord:isbn13>
               <!--Optional:-->
               <ord:lineItemNote>?</ord:lineItemNote>
               <!--Optional:-->
               <ord:quantity>?</ord:quantity>
               <!--Optional:-->
               <ord:sfdcInternalOrderLineId>?</ord:sfdcInternalOrderLineId>
               <!--Optional:-->
               <ord:shortProductCode>?</ord:shortProductCode>
            </ord:lineList>
            <!--Zero or more repetitions:-->
            <ord:orderNoteList>
               <!--Optional:-->
               <ord:adHocNoteTitle>?</ord:adHocNoteTitle>
               <!--Optional:-->
               <ord:adNocNote>?</ord:adNocNote>
            </ord:orderNoteList>
            <!--Optional:-->
            <ord:orderReasonCode>?</ord:orderReasonCode>
            <!--Optional:-->
            <ord:packBySchoolOrGrade>?</ord:packBySchoolOrGrade>
            <!--Optional:-->
            <ord:poNunmber>?</ord:poNunmber>
            <!--Optional:-->
            <ord:shipDateOption>?</ord:shipDateOption>
            <!--Optional:-->
            <ord:shipDateOptionDate>?</ord:shipDateOptionDate>
            <!--Optional:-->
            <ord:shippingAccountName>?</ord:shippingAccountName>
            <!--Optional:-->
            <ord:shippingAddressCity>?</ord:shippingAddressCity>
            <!--Optional:-->
            <ord:shippingAddressLine1>?</ord:shippingAddressLine1>
            <!--Optional:-->
            <ord:shippingAddressLine2>?</ord:shippingAddressLine2>
            <!--Optional:-->
            <ord:shippingAddressState>?</ord:shippingAddressState>
            <!--Optional:-->
            <ord:shippingCountry>?</ord:shippingCountry>
            <!--Optional:-->
            <ord:shippingZip>?</ord:shippingZip>
            <!--Optional:-->
            <ord:shipToPid>?</ord:shipToPid>
            <!--Optional:-->
            <ord:transactionName>?</ord:transactionName>
            <!--Optional:-->
            <ord:transactionType>?</ord:transactionType>
            <!--Optional:-->
            <ord:useOverrideAddress>?</ord:useOverrideAddress>
         </ord:order>
      </ord:submitOrder>
   </soapenv:Body>
</soapenv:Envelope>]]></con:request><con:wsaConfig mustUnderstand="NONE" version="200508" action="http://soap.sforce.com/schemas/class/OrderEntryService/OrderEntryServicePortType/submitOrderRequest"/></con:call></con:operation></con:interface><con:properties/><con:wssContainer/></con:soapui-project>