<?xml version="1.0" encoding="UTF-8"?>
<con:soapui-project name="SubmitSample" resourceRoot="" soapui-version="3.0.1" abortOnError="false" runType="SEQUENTIAL" xmlns:con="http://eviware.com/soapui/config"><con:settings/><con:interface xsi:type="con:WsdlInterface" wsaVersion="NONE" name="SOAPEventSourceBinding" type="wsdl" bindingName="{http://www.hmco.com/EAI/OTS/Order/submitSampleImpl}SOAPEventSourceBinding" soapVersion="1_1" anonymous="optional" definition="file:/C:/Documents%20and%20Settings/195361/My%20Documents/SubmitSample.wsdl" xmlns:xsi="http://www.w3.org/2001/XMLSchema-instance"><con:settings/><con:definitionCache type="TEXT" rootPart="file:/C:/Documents%20and%20Settings/195361/My%20Documents/SubmitSample.wsdl"><con:part><con:url>file:/C:/Documents%20and%20Settings/195361/My%20Documents/SubmitSample.wsdl</con:url><con:content><![CDATA[<!--Created by TIBCO WSDL-->
<wsdl:definitions name="Untitled" targetNamespace="http://www.hmco.com/EAI/OTS/Order/submitSampleImpl" xmlns:wsdl="http://schemas.xmlsoap.org/wsdl/" xmlns:tns="http://www.hmco.com/EAI/OTS/Order/submitSampleImpl" xmlns:soap="http://schemas.xmlsoap.org/wsdl/soap/" xmlns:ns0="http://www.hmco.com/EAI/OTS/Order" xmlns:ns1="http://www.hmco.com/EAI/OTS/Material" xmlns:ns2="http://www.hmco.com/EAI" xmlns:ns3="http://www.hmco.com/EAI/OTS/Customer">
  <wsdl:types>
    <schema targetNamespace="http://www.hmco.com/EAI/OTS/Material" elementFormDefault="qualified" attributeFormDefault="unqualified" xmlns="http://www.w3.org/2001/XMLSchema" xmlns:mat="http://www.hmco.com/EAI/OTS/Material" xmlns:xsd="http://www.w3.org/2001/XMLSchema" xmlns:eai="http://www.hmco.com/EAI">
      <import namespace="http://www.hmco.com/EAI"/>
      <complexType name="substitution">
        <sequence>
          <element name="key">
            <complexType>
              <sequence>
                <element name="materialID" type="xsd:string" minOccurs="0"/>
                <element name="isbn" type="xsd:string" minOccurs="0"/>
              </sequence>
            </complexType>
          </element>
          <element ref="mat:substitutionValue" maxOccurs="unbounded"/>
        </sequence>
      </complexType>
      <element name="component">
        <complexType>
          <sequence>
            <element name="materialID" type="xsd:string"/>
            <element name="isbn" type="xsd:string" minOccurs="0"/>
            <element name="quantity" type="xsd:int" minOccurs="0"/>
            <element name="bomType" type="xsd:string" minOccurs="0"/>
          </sequence>
        </complexType>
      </element>
      <element name="getMaterialDetailRequest">
        <complexType>
          <sequence>
            <element ref="mat:materialKeyList"/>
            <element name="customerID" minOccurs="0">
              <simpleType>
                <restriction base="xsd:string">
                  <maxLength value="10"/>
                </restriction>
              </simpleType>
            </element>
          </sequence>
        </complexType>
      </element>
      <element name="materialDetail">
        <complexType>
          <sequence>
            <element name="materialID" type="xsd:string" minOccurs="0"/>
            <element name="isbn13" type="xsd:string" minOccurs="0"/>
            <element name="isbn10" type="xsd:string" minOccurs="0"/>
            <element name="internalDescription" type="xsd:string"/>
            <element name="fullDescription" type="xsd:string" minOccurs="0"/>
            <element name="author" type="xsd:string" minOccurs="0"/>
            <element name="materialStatus" type="xsd:string"/>
            <element name="materialStatusDescription" type="xsd:string" minOccurs="0"/>
            <element name="listPrice" type="xsd:double" minOccurs="0"/>
            <element name="netPrice" type="xsd:double" minOccurs="0"/>
            <element name="quantityInStock" type="xsd:int" minOccurs="0"/>
            <element name="restriction" type="xsd:string" minOccurs="0"/>
            <element name="materialGroup" type="xsd:string"/>
            <element name="substituted" type="xsd:boolean"/>
            <element name="availableDate" type="xsd:date" minOccurs="0"/>
            <element name="copyrightYear" type="xsd:string" minOccurs="0"/>
            <element name="mediaType" type="xsd:string" minOccurs="0"/>
            <element name="productDivision" type="xsd:string"/>
            <element name="phLevelCode1" type="xsd:string" minOccurs="0"/>
            <element name="phLevelCode2" type="xsd:string" minOccurs="0"/>
            <element name="phLevelCode3" type="xsd:string" minOccurs="0"/>
            <element name="phLevelCode4" type="xsd:string" minOccurs="0"/>
            <element name="phLevelCode5" type="xsd:string" minOccurs="0"/>
            <element name="unitsPerCarton" type="xsd:int" minOccurs="0"/>
            <element name="isSubscription" type="xsd:boolean"/>
            <element name="genItemCategory" type="xsd:string" minOccurs="0"/>
            <element ref="mat:component" minOccurs="0" maxOccurs="unbounded"/>
            <element ref="mat:subscriptionTerm" minOccurs="0" maxOccurs="unbounded"/>
          </sequence>
        </complexType>
      </element>
      <element name="materialDetailList">
        <complexType>
          <sequence>
            <element ref="mat:materialDetail" minOccurs="0" maxOccurs="unbounded"/>
          </sequence>
        </complexType>
      </element>
      <element name="materialException" type="eai:eaiException"/>
      <element name="materialKeyList">
        <complexType>
          <sequence>
            <element name="materialID" minOccurs="0" maxOccurs="unbounded">
              <simpleType>
                <restriction base="xsd:string">
                  <maxLength value="18"/>
                </restriction>
              </simpleType>
            </element>
            <element name="isbn" minOccurs="0" maxOccurs="unbounded">
              <simpleType>
                <restriction base="xsd:string">
                  <maxLength value="18"/>
                </restriction>
              </simpleType>
            </element>
          </sequence>
        </complexType>
      </element>
      <element name="materialSubstitution" type="mat:substitution"/>
      <element name="materialSubstitutionList">
        <complexType>
          <sequence>
            <element ref="mat:materialSubstitution" minOccurs="0" maxOccurs="unbounded"/>
          </sequence>
        </complexType>
      </element>
      <element name="subscriptionTerm">
        <complexType>
          <sequence>
            <element name="duration" type="xsd:int" minOccurs="0"/>
            <element name="unit" type="xsd:string" minOccurs="0"/>
            <element name="rate" type="xsd:double" minOccurs="0"/>
            <element name="startDate" type="xsd:date" minOccurs="0"/>
            <element name="endDate" type="xsd:date" minOccurs="0"/>
          </sequence>
        </complexType>
      </element>
      <element name="substitutionValue">
        <complexType>
          <sequence>
            <element name="substituteID" type="xsd:string"/>
            <element name="substituteISBN" type="xsd:string"/>
            <element name="description" type="xsd:string"/>
            <element name="autoSubstitute" type="xsd:boolean" minOccurs="0"/>
            <element name="usePrimePrice" type="xsd:boolean" minOccurs="0"/>
            <element name="applySale" type="xsd:boolean" minOccurs="0"/>
            <element name="applySample" type="xsd:boolean" minOccurs="0"/>
          </sequence>
        </complexType>
      </element>
    </schema>
    <schema targetNamespace="http://www.hmco.com/EAI/OTS/Order" elementFormDefault="qualified" attributeFormDefault="unqualified" xmlns="http://www.w3.org/2001/XMLSchema" xmlns:ord="http://www.hmco.com/EAI/OTS/Order" xmlns:mat="http://www.hmco.com/EAI/OTS/Material" xmlns:cus="http://www.hmco.com/EAI/OTS/Customer" xmlns:xsd="http://www.w3.org/2001/XMLSchema" xmlns:eai="http://www.hmco.com/EAI">
      <import namespace="http://www.hmco.com/EAI/OTS/Material"/>
      <import namespace="http://www.hmco.com/EAI/OTS/Customer"/>
      <import namespace="http://www.hmco.com/EAI"/>
      <complexType name="lineItemError">
        <complexContent>
          <extension base="eai:error">
            <sequence>
              <element name="lineNo" type="xsd:int"/>
            </sequence>
          </extension>
        </complexContent>
      </complexType>
      <element name="clientTransactionID" type="xsd:string"/>
      <element name="creditCard">
        <complexType>
          <sequence>
            <element name="cardType" type="xsd:string"/>
            <element name="number">
              <simpleType>
                <restriction base="xsd:string">
                  <maxLength value="25"/>
                </restriction>
              </simpleType>
            </element>
            <element name="expDate">
              <simpleType>
                <restriction base="xsd:string">
                  <maxLength value="4"/>
                </restriction>
              </simpleType>
            </element>
          </sequence>
        </complexType>
      </element>
      <element name="deliveryInfo">
        <complexType>
          <sequence>
            <element name="projectedShippingDate" type="xsd:date" minOccurs="0"/>
            <element name="projectedShippingQuantity" type="xsd:int" minOccurs="0"/>
          </sequence>
        </complexType>
      </element>
      <element name="materialKey">
        <complexType>
          <sequence>
            <element name="materialID" minOccurs="0">
              <simpleType>
                <restriction base="xsd:string">
                  <maxLength value="18"/>
                </restriction>
              </simpleType>
            </element>
            <element name="isbn" minOccurs="0">
              <simpleType>
                <restriction base="xsd:string">
                  <maxLength value="18"/>
                </restriction>
              </simpleType>
            </element>
          </sequence>
        </complexType>
      </element>
      <element name="orderException">
        <complexType>
          <sequence>
            <element name="headerError" type="eai:error" minOccurs="0" maxOccurs="unbounded"/>
            <element name="lineItemError" type="ord:lineItemError" minOccurs="0" maxOccurs="unbounded"/>
          </sequence>
        </complexType>
      </element>
      <element name="orderReason" type="xsd:string"/>
      <element name="poNumber">
        <simpleType>
          <restriction base="xsd:string">
            <maxLength value="35"/>
          </restriction>
        </simpleType>
      </element>
      <element name="requestId" type="xsd:string"/>
      <element name="saleHeader">
        <complexType>
          <sequence>
            <element name="soldToCustomerID">
              <simpleType>
                <restriction base="xsd:string">
                  <maxLength value="10"/>
                </restriction>
              </simpleType>
            </element>
            <element name="shipToCustomerID" minOccurs="0">
              <simpleType>
                <restriction base="xsd:string">
                  <maxLength value="10"/>
                </restriction>
              </simpleType>
            </element>
            <element name="billToCustomerID" minOccurs="0">
              <simpleType>
                <restriction base="xsd:string">
                  <maxLength value="10"/>
                </restriction>
              </simpleType>
            </element>
            <element name="shipToAttentionLine" minOccurs="0">
              <simpleType>
                <restriction base="xsd:string">
                  <maxLength value="40"/>
                </restriction>
              </simpleType>
            </element>
            <element name="billToAttentionLine" minOccurs="0">
              <simpleType>
                <restriction base="xsd:string">
                  <maxLength value="40"/>
                </restriction>
              </simpleType>
            </element>
            <element name="entryDivision" type="xsd:string"/>
            <element name="contactName" minOccurs="0">
              <simpleType>
                <restriction base="xsd:string">
                  <maxLength value="40"/>
                </restriction>
              </simpleType>
            </element>
            <element name="contactPhone" minOccurs="0">
              <simpleType>
                <restriction base="xsd:string">
                  <maxLength value="16"/>
                </restriction>
              </simpleType>
            </element>
            <element name="orderSource" type="xsd:string"/>
            <element name="shipmentMethod" type="xsd:string" minOccurs="0"/>
            <element name="priceDate" type="xsd:date" minOccurs="0"/>
            <element name="promotionCode" minOccurs="0">
              <simpleType>
                <restriction base="xsd:string">
                  <maxLength value="3"/>
                </restriction>
              </simpleType>
            </element>
            <element name="allowSubstitutionsFlag" type="xsd:boolean"/>
            <element name="allowContractPricingFlag" type="xsd:boolean"/>
            <element name="requestedDate" type="xsd:date" minOccurs="0"/>
            <element name="shipDateOption" type="xsd:string" minOccurs="0"/>
            <element name="arTerms" type="xsd:string" minOccurs="0"/>
            <element name="shippingTerms" type="xsd:string" minOccurs="0"/>
            <element name="backorderOption" type="xsd:string" minOccurs="0"/>
            <element name="backorderCancelDate" type="xsd:date" minOccurs="0"/>
            <element name="deferedPaymentDate" type="xsd:date" minOccurs="0"/>
            <element name="freeformMessage" minOccurs="0">
              <simpleType>
                <restriction base="xsd:string">
                  <maxLength value="1256"/>
                </restriction>
              </simpleType>
            </element>
            <element name="customerEmail" minOccurs="0">
              <simpleType>
                <restriction base="xsd:string">
                  <maxLength value="256"/>
                </restriction>
              </simpleType>
            </element>
            <element name="headerCouponCode" nillable="true" type="xsd:string" minOccurs="0"/>
            <element name="deliveryBlock" type="xsd:string" minOccurs="0"/>
            <element ref="ord:orderReason" minOccurs="0"/>
            <element name="csHold" type="xsd:string" minOccurs="0"/>
            <element name="userId" type="xsd:string" minOccurs="0"/>
          </sequence>
        </complexType>
      </element>
      <element name="saleLineItem">
        <complexType>
          <sequence>
            <element name="lineNo" type="xsd:double"/>
            <element name="materialID">
              <simpleType>
                <restriction base="xsd:string">
                  <maxLength value="18"/>
                </restriction>
              </simpleType>
            </element>
            <element name="quantity" type="xsd:int"/>
            <element name="lineCouponCode" nillable="true" type="xsd:string" minOccurs="0"/>
            <element ref="mat:subscriptionTerm" minOccurs="0"/>
            <element name="itemType" type="xsd:string" minOccurs="0"/>
            <element name="overrideShipping" type="xsd:decimal" minOccurs="0"/>
          </sequence>
        </complexType>
      </element>
      <element name="saleLineItemList">
        <complexType>
          <sequence>
            <element ref="ord:saleLineItem" maxOccurs="unbounded"/>
          </sequence>
        </complexType>
      </element>
      <element name="sampleHeader">
        <complexType>
          <sequence>
            <element name="soldToCustomerID">
              <simpleType>
                <restriction base="xsd:string">
                  <maxLength value="10"/>
                </restriction>
              </simpleType>
            </element>
            <element name="shipToCustomerID" minOccurs="0">
              <simpleType>
                <restriction base="xsd:string">
                  <maxLength value="10"/>
                </restriction>
              </simpleType>
            </element>
            <element name="entryDivision" type="xsd:string"/>
            <element name="toAttentionLine" minOccurs="0">
              <simpleType>
                <restriction base="xsd:string">
                  <maxLength value="40"/>
                </restriction>
              </simpleType>
            </element>
            <element name="toDepartment" minOccurs="0">
              <simpleType>
                <restriction base="xsd:string">
                  <maxLength value="40"/>
                </restriction>
              </simpleType>
            </element>
            <element name="shipToLocation" minOccurs="0">
              <simpleType>
                <restriction base="xsd:string">
                  <maxLength value="40"/>
                </restriction>
              </simpleType>
            </element>
            <element name="overrideAddress" type="cus:address" minOccurs="0"/>
            <element name="orderSource" type="xsd:string"/>
            <element name="salesRepID" minOccurs="0">
              <simpleType>
                <restriction base="xsd:string">
                  <maxLength value="10"/>
                </restriction>
              </simpleType>
            </element>
            <element name="backorderOption" type="xsd:string" minOccurs="0"/>
            <element name="backorderCancelDate" type="xsd:date" minOccurs="0"/>
            <element name="requestedDate" type="xsd:date" minOccurs="0"/>
            <element name="shipDateOption" type="xsd:string" minOccurs="0"/>
            <element name="shipmentMethod" type="xsd:string" minOccurs="0"/>
            <element name="freeFormMessage" minOccurs="0">
              <simpleType>
                <restriction base="xsd:string">
                  <maxLength value="1256"/>
                </restriction>
              </simpleType>
            </element>
            <element name="allowSubstitutionsFlag" type="xsd:boolean"/>
            <element name="handlingTerms" type="xsd:string" minOccurs="0"/>
            <element name="customerEmail" minOccurs="0">
              <simpleType>
                <restriction base="xsd:string">
                  <maxLength value="256"/>
                </restriction>
              </simpleType>
            </element>
            <element name="deliveryBlock" type="xsd:string" minOccurs="0"/>
          </sequence>
        </complexType>
      </element>
      <element name="sampleLineItem">
        <complexType>
          <sequence>
            <element name="lineNo" type="xsd:int"/>
            <element ref="ord:materialKey"/>
            <element name="quantity" type="xsd:int"/>
            <element name="itemType" type="xsd:string" minOccurs="0"/>
            <element ref="mat:subscriptionTerm" minOccurs="0"/>
            <element ref="ord:deliveryInfo" minOccurs="0" maxOccurs="unbounded"/>
          </sequence>
        </complexType>
      </element>
      <element name="sampleLineItemList">
        <complexType>
          <sequence>
            <element ref="ord:sampleLineItem" maxOccurs="unbounded"/>
          </sequence>
        </complexType>
      </element>
      <element name="submitForManualCorrection" type="xsd:boolean"/>
      <element name="submitSaleRequest">
        <complexType>
          <sequence>
            <element ref="ord:submitSaleTranAction"/>
            <element ref="ord:saleHeader"/>
            <element ref="ord:saleLineItemList"/>
            <element ref="ord:creditCard" minOccurs="0"/>
            <element ref="ord:clientTransactionID" minOccurs="0"/>
            <element ref="ord:poNumber"/>
            <element ref="ord:submitForManualCorrection"/>
            <element name="tranType" type="xsd:string" minOccurs="0"/>
          </sequence>
        </complexType>
      </element>
      <element name="submitSaleRequestId">
        <complexType>
          <sequence>
            <element ref="ord:requestId"/>
          </sequence>
        </complexType>
      </element>
      <element name="submitSaleRequestStatus">
        <complexType>
          <sequence>
            <element name="isReady" type="xsd:boolean"/>
          </sequence>
        </complexType>
      </element>
      <element name="submitSaleResponse">
        <complexType>
          <sequence>
            <element name="header">
              <complexType>
                <sequence>
                  <element name="transactionID" type="xsd:string"/>
                  <element name="saleDate" type="xsd:date"/>
                  <element name="orderSubTotal" type="xsd:double"/>
                  <element name="taxAmount" type="xsd:double"/>
                  <element name="shippingAmount" type="xsd:double"/>
                  <element name="saleTotal" type="xsd:double"/>
                  <element name="deliveredPricing" type="xsd:boolean"/>
                </sequence>
              </complexType>
            </element>
            <element name="lineItem" maxOccurs="unbounded">
              <complexType>
                <sequence>
                  <element name="lineNo" type="xsd:int"/>
                  <element name="materialID" type="xsd:string"/>
                  <element name="quantity" type="xsd:int"/>
                  <element name="listPrice" type="xsd:double"/>
                  <element name="netPrice" type="xsd:double"/>
                  <element name="discountPercent" type="xsd:double" minOccurs="0"/>
                  <element name="substituted" type="xsd:boolean" minOccurs="0"/>
                  <element name="couponCode" nillable="true" type="xsd:string" minOccurs="0"/>
                  <element name="contractPriceIndicator" nillable="true" type="xsd:boolean" minOccurs="0"/>
                  <element name="discountAmount" nillable="true" type="xsd:double" minOccurs="0"/>
                  <element name="promoAmount" nillable="true" type="xsd:double" minOccurs="0"/>
                  <element name="freeGoodsIndicator" nillable="true" type="xsd:boolean" minOccurs="0"/>
                  <element ref="ord:deliveryInfo" minOccurs="0" maxOccurs="unbounded"/>
                  <element name="deliveredPriceIndicator" type="xsd:boolean" minOccurs="0"/>
                </sequence>
              </complexType>
            </element>
          </sequence>
        </complexType>
      </element>
      <element name="submitSaleTranAction">
        <simpleType>
          <restriction base="xsd:string">
            <maxLength value="20"/>
            <enumeration value="TRAN_ACTION_RELEASE"/>
            <enumeration value="TRAN_ACTION_HOLD"/>
            <enumeration value="TRAN_ACTION_PRICE"/>
          </restriction>
        </simpleType>
      </element>
      <element name="submitSampleRequest">
        <complexType>
          <sequence>
            <element ref="ord:submitSampleTranAction"/>
            <element ref="ord:sampleHeader"/>
            <element ref="ord:sampleLineItemList"/>
            <element ref="ord:clientTransactionID" minOccurs="0"/>
            <element ref="ord:poNumber"/>
            <element ref="ord:submitForManualCorrection"/>
            <element name="tranType" type="xsd:string" minOccurs="0"/>
          </sequence>
        </complexType>
      </element>
      <element name="submitSampleResponse">
        <complexType>
          <sequence>
            <element name="header">
              <complexType>
                <sequence>
                  <element name="transactionID" type="xsd:string"/>
                </sequence>
              </complexType>
            </element>
            <element name="lineItem" maxOccurs="unbounded">
              <complexType>
                <sequence>
                  <element name="lineNo" type="xsd:string"/>
                  <element name="materialID" type="xsd:string"/>
                  <element name="substituted" type="xsd:boolean"/>
                  <element name="lineItemError" minOccurs="0">
                    <complexType>
                      <complexContent>
                        <extension base="eai:error">
                          <sequence>
                            <element name="lineNo" type="xsd:string"/>
                          </sequence>
                        </extension>
                      </complexContent>
                    </complexType>
                  </element>
                  <element ref="ord:deliveryInfo" minOccurs="0" maxOccurs="unbounded"/>
                </sequence>
              </complexType>
            </element>
          </sequence>
        </complexType>
      </element>
      <element name="submitSampleTranAction">
        <simpleType>
          <restriction base="xsd:string">
            <maxLength value="20"/>
            <enumeration value="TRAN_ACTION_RELEASE"/>
            <enumeration value="TRAN_ACTION_HOLD"/>
          </restriction>
        </simpleType>
      </element>
    </schema>
    <xsd:schema targetNamespace="http://www.hmco.com/EAI" elementFormDefault="qualified" attributeFormDefault="unqualified" xmlns="http://www.hmco.com/EAI" xmlns:xsd="http://www.w3.org/2001/XMLSchema">
      <xsd:complexType name="eaiException">
        <xsd:sequence>
          <xsd:element ref="ns2:errorList"/>
        </xsd:sequence>
      </xsd:complexType>
      <xsd:complexType name="error">
        <xsd:sequence>
          <xsd:element name="errorCategory" type="xsd:string"/>
          <xsd:element name="errorCode" type="xsd:string"/>
          <xsd:element name="errorMessage" type="xsd:string"/>
        </xsd:sequence>
      </xsd:complexType>
      <xsd:element name="asyncRequestId">
        <xsd:complexType>
          <xsd:sequence>
            <xsd:element ref="ns2:requestId"/>
          </xsd:sequence>
        </xsd:complexType>
      </xsd:element>
      <xsd:element name="asyncRequestStatus">
        <xsd:complexType>
          <xsd:sequence>
            <xsd:element name="isReady" type="xsd:boolean"/>
          </xsd:sequence>
        </xsd:complexType>
      </xsd:element>
      <xsd:element name="error" type="ns2:error"/>
      <xsd:element name="errorList">
        <xsd:complexType>
          <xsd:sequence>
            <xsd:element ref="ns2:error" minOccurs="0" maxOccurs="unbounded"/>
          </xsd:sequence>
        </xsd:complexType>
      </xsd:element>
      <xsd:element name="requestId" type="xsd:string"/>
    </xsd:schema>
    <schema targetNamespace="http://www.hmco.com/EAI/OTS/Customer" elementFormDefault="qualified" attributeFormDefault="unqualified" xmlns="http://www.w3.org/2001/XMLSchema" xmlns:cus="http://www.hmco.com/EAI/OTS/Customer" xmlns:mat="http://www.hmco.com/EAI/OTS/Material" xmlns:xsd="http://www.w3.org/2001/XMLSchema" xmlns:eai="http://www.hmco.com/EAI">
      <import namespace="http://www.hmco.com/EAI/OTS/Material"/>
      <import namespace="http://www.hmco.com/EAI"/>
      <complexType name="address">
        <sequence>
          <element name="customerName" type="xsd:string" minOccurs="0"/>
          <element name="addressLine1" minOccurs="0">
            <simpleType>
              <restriction base="xsd:string">
                <maxLength value="60"/>
              </restriction>
            </simpleType>
          </element>
          <element name="addressLine2" minOccurs="0">
            <simpleType>
              <restriction base="xsd:string">
                <maxLength value="40"/>
              </restriction>
            </simpleType>
          </element>
          <element name="poBox" minOccurs="0">
            <simpleType>
              <restriction base="xsd:string">
                <maxLength value="10"/>
              </restriction>
            </simpleType>
          </element>
          <element name="city">
            <simpleType>
              <restriction base="xsd:string">
                <maxLength value="35"/>
              </restriction>
            </simpleType>
          </element>
          <element name="state">
            <simpleType>
              <restriction base="xsd:string">
                <maxLength value="3"/>
              </restriction>
            </simpleType>
          </element>
          <element name="zipcode">
            <simpleType>
              <restriction base="xsd:string">
                <maxLength value="10"/>
              </restriction>
            </simpleType>
          </element>
          <element name="countryCode">
            <simpleType>
              <restriction base="xsd:string">
                <maxLength value="3"/>
              </restriction>
            </simpleType>
          </element>
          <element ref="cus:emailAddressStruct" minOccurs="0" maxOccurs="unbounded"/>
        </sequence>
      </complexType>
      <element name="SFDCCustomer">
        <complexType>
          <sequence>
            <element name="sfdcCustomerId" type="xsd:string"/>
            <element name="sapCustomerId" type="xsd:string" minOccurs="0"/>
            <element name="mdrPid" type="xsd:string" minOccurs="0"/>
            <element name="name" type="xsd:string"/>
            <element name="shippingStreet" type="xsd:string" minOccurs="0"/>
            <element name="shippingCity" type="xsd:string" minOccurs="0"/>
            <element name="shippingState" type="xsd:string" minOccurs="0"/>
            <element name="shippingZip" type="xsd:string" minOccurs="0"/>
            <element name="shippingCountry" type="xsd:string" minOccurs="0"/>
            <element name="phone" type="xsd:string" minOccurs="0"/>
            <element name="fax" type="xsd:string" minOccurs="0"/>
            <element name="email" type="xsd:string" minOccurs="0"/>
          </sequence>
        </complexType>
      </element>
      <element name="SFDCCustomerList">
        <complexType>
          <sequence>
            <element ref="cus:SFDCCustomer" minOccurs="0" maxOccurs="unbounded"/>
          </sequence>
        </complexType>
      </element>
      <element name="SFDCRep">
        <complexType>
          <sequence>
            <element name="sfdcUserID" type="xsd:string"/>
            <element name="sfdcCustomerId" type="xsd:string"/>
            <element name="userName" type="xsd:string"/>
            <element name="phone" type="xsd:string" minOccurs="0"/>
            <element name="market" type="xsd:string" minOccurs="0"/>
            <element name="territoryDescription" type="xsd:string" minOccurs="0"/>
            <element name="email" type="xsd:string" minOccurs="0"/>
            <element ref="cus:division" minOccurs="0"/>
          </sequence>
        </complexType>
      </element>
      <element name="SFDCRepList">
        <complexType>
          <sequence>
            <element ref="cus:SFDCRep" minOccurs="0" maxOccurs="unbounded"/>
          </sequence>
        </complexType>
      </element>
      <element name="createEtailCustomerRequest">
        <complexType>
          <sequence>
            <element ref="cus:storeID"/>
            <element name="name">
              <simpleType>
                <restriction base="xsd:string">
                  <maxLength value="35"/>
                </restriction>
              </simpleType>
            </element>
            <element name="telephone">
              <simpleType>
                <restriction base="xsd:string">
                  <maxLength value="16"/>
                </restriction>
              </simpleType>
            </element>
            <element name="customerEmail" minOccurs="0">
              <simpleType>
                <restriction base="xsd:string">
                  <maxLength value="241"/>
                </restriction>
              </simpleType>
            </element>
            <element name="soldToAddress" type="cus:address"/>
            <element name="billToAddress" type="cus:address" minOccurs="0"/>
            <element name="shipToAddress" type="cus:address" minOccurs="0"/>
          </sequence>
        </complexType>
      </element>
      <element name="createEtailCustomerResponse">
        <complexType>
          <sequence>
            <element name="soldToCustomerID" type="xsd:string"/>
            <element name="shipToCustomerID" type="xsd:string"/>
            <element name="billToCustomerID" type="xsd:string"/>
          </sequence>
        </complexType>
      </element>
      <element name="createSundryCustomerRequest">
        <complexType>
          <sequence>
            <element name="division" type="xsd:string"/>
            <element name="SFASalesTerritory">
              <simpleType>
                <restriction base="xsd:string">
                  <maxLength value="10"/>
                </restriction>
              </simpleType>
            </element>
            <element name="geographicSalesTerritory" minOccurs="0">
              <simpleType>
                <restriction base="xsd:string">
                  <maxLength value="6"/>
                </restriction>
              </simpleType>
            </element>
            <element name="name">
              <simpleType>
                <restriction base="xsd:string">
                  <maxLength value="35"/>
                </restriction>
              </simpleType>
            </element>
            <element name="customerAddress" type="cus:address"/>
            <element name="telephone1" minOccurs="0">
              <simpleType>
                <restriction base="xsd:string">
                  <maxLength value="16"/>
                </restriction>
              </simpleType>
            </element>
            <element name="telephone2" minOccurs="0">
              <simpleType>
                <restriction base="xsd:string">
                  <maxLength value="16"/>
                </restriction>
              </simpleType>
            </element>
            <element name="fax" minOccurs="0">
              <simpleType>
                <restriction base="xsd:string">
                  <maxLength value="31"/>
                </restriction>
              </simpleType>
            </element>
            <element name="collegeNumber" minOccurs="0">
              <simpleType>
                <restriction base="xsd:string">
                  <maxLength value="10"/>
                </restriction>
              </simpleType>
            </element>
            <element name="customerEmail" minOccurs="0">
              <simpleType>
                <restriction base="xsd:string">
                  <maxLength value="241"/>
                </restriction>
              </simpleType>
            </element>
          </sequence>
        </complexType>
      </element>
      <element name="customerDetail">
        <complexType>
          <sequence>
            <element name="customerID" type="xsd:string"/>
            <element name="customerRole" type="xsd:string"/>
            <element name="customerClassCode" type="xsd:string"/>
            <element name="customerClassDesc" type="xsd:string"/>
            <element name="customerTypeCode" type="xsd:string"/>
            <element name="customerTypeDesc" type="xsd:string"/>
            <element name="creditStatus" type="xsd:string" minOccurs="0"/>
            <element name="san" type="xsd:string" minOccurs="0"/>
            <element name="mdrPID" type="xsd:string" minOccurs="0"/>
            <element ref="cus:isPrimeMDR" minOccurs="0"/>
            <element name="customerAddress" type="cus:address"/>
            <element name="name" type="xsd:string"/>
            <element name="telNumber" type="xsd:string"/>
            <element name="altTelNumber" type="xsd:string" minOccurs="0"/>
            <element name="customerStatus" type="xsd:string" minOccurs="0"/>
            <element name="collegeNumber" type="xsd:string" minOccurs="0"/>
            <element name="customerEmail" type="xsd:string" minOccurs="0"/>
            <element name="customerFax" minOccurs="0">
              <simpleType>
                <restriction base="xsd:string">
                  <maxLength value="31"/>
                </restriction>
              </simpleType>
            </element>
            <element name="customerDivisionInfo" minOccurs="0" maxOccurs="unbounded">
              <complexType>
                <sequence>
                  <element name="division" type="xsd:string"/>
                  <element name="geographicTerritory" type="xsd:string"/>
                  <element name="allowSubstitutionsFlag" type="xsd:boolean"/>
                </sequence>
              </complexType>
            </element>
          </sequence>
        </complexType>
      </element>
      <element name="customerDetailList">
        <complexType>
          <sequence>
            <element ref="cus:customerDetail" minOccurs="0" maxOccurs="unbounded"/>
          </sequence>
        </complexType>
      </element>
      <element name="customerException" type="eai:eaiException"/>
      <element name="customerExceptionList">
        <complexType>
          <sequence>
            <element ref="cus:customerException" maxOccurs="unbounded"/>
          </sequence>
        </complexType>
      </element>
      <element name="customerID">
        <simpleType>
          <restriction base="xsd:string">
            <maxLength value="10"/>
          </restriction>
        </simpleType>
      </element>
      <element name="customerIDList">
        <complexType>
          <sequence>
            <element name="customerID" type="xsd:string" minOccurs="0" maxOccurs="unbounded"/>
          </sequence>
        </complexType>
      </element>
      <element name="customerKey">
        <complexType>
          <sequence>
            <element name="customerID" minOccurs="0">
              <simpleType>
                <restriction base="xsd:string">
                  <maxLength value="10"/>
                </restriction>
              </simpleType>
            </element>
            <element name="san" minOccurs="0">
              <simpleType>
                <restriction base="xsd:string">
                  <maxLength value="12"/>
                </restriction>
              </simpleType>
            </element>
            <element name="mdrPID" minOccurs="0">
              <simpleType>
                <restriction base="xsd:string">
                  <maxLength value="15"/>
                </restriction>
              </simpleType>
            </element>
          </sequence>
        </complexType>
      </element>
      <element name="customerKeyList">
        <complexType>
          <sequence>
            <element ref="cus:customerKey" minOccurs="0" maxOccurs="unbounded"/>
          </sequence>
        </complexType>
      </element>
      <element name="customerRelationship">
        <complexType>
          <sequence>
            <element ref="cus:relationshipType" minOccurs="0"/>
            <element name="customerID" type="xsd:string" minOccurs="0" maxOccurs="unbounded"/>
          </sequence>
        </complexType>
      </element>
      <element name="customerRelationshipList">
        <complexType>
          <sequence>
            <element ref="cus:customerRelationship" minOccurs="0" maxOccurs="unbounded"/>
          </sequence>
        </complexType>
      </element>
      <element name="customerSearchCriteria">
        <complexType>
          <sequence>
            <element name="name">
              <simpleType>
                <restriction base="xsd:string">
                  <maxLength value="35"/>
                </restriction>
              </simpleType>
            </element>
            <element name="address">
              <simpleType>
                <restriction base="xsd:string">
                  <maxLength value="60"/>
                </restriction>
              </simpleType>
            </element>
            <element name="zipCode" type="xsd:string"/>
            <element name="division" type="xsd:string"/>
          </sequence>
        </complexType>
      </element>
      <element name="customerSubstitution">
        <complexType>
          <sequence>
            <element name="materialID" type="xsd:string"/>
            <element ref="mat:substitutionValue" maxOccurs="unbounded"/>
          </sequence>
        </complexType>
      </element>
      <element name="customerSubstitutionList">
        <complexType>
          <sequence>
            <element ref="cus:customerSubstitution" minOccurs="0" maxOccurs="unbounded"/>
          </sequence>
        </complexType>
      </element>
      <element name="division" type="xsd:string"/>
      <element name="emailAddress" type="xsd:string"/>
      <element name="emailAddressStruct">
        <complexType>
          <sequence>
            <element ref="cus:emailAddress" minOccurs="0"/>
            <element ref="cus:isPrimary"/>
          </sequence>
        </complexType>
      </element>
      <element name="findSFDCCustomerRequest">
        <complexType>
          <sequence>
            <element name="mdrPid" type="xsd:string" minOccurs="0"/>
            <element name="sapCustomerId" type="xsd:string" minOccurs="0"/>
            <element name="zipCode" type="xsd:string" minOccurs="0"/>
          </sequence>
        </complexType>
      </element>
      <element name="getCustomerRelationshipsRequest">
        <complexType>
          <sequence>
            <element ref="cus:customerID"/>
            <element ref="cus:division"/>
            <element ref="cus:relationshipTypeList"/>
          </sequence>
        </complexType>
      </element>
      <element name="getCustomerSubstitutionsRequest">
        <complexType>
          <sequence>
            <element ref="cus:customerID"/>
            <element ref="cus:transactionType"/>
            <element ref="cus:division"/>
            <element ref="cus:titleList"/>
          </sequence>
        </complexType>
      </element>
      <element name="isPrimary" type="xsd:boolean"/>
      <element name="isPrimeMDR" nillable="true" type="xsd:boolean"/>
      <element name="lookUpFields">
        <complexType>
          <sequence>
            <element name="noOfFields" type="xsd:string"/>
          </sequence>
        </complexType>
      </element>
      <element name="materialID" type="xsd:string"/>
      <element name="relationshipType" type="xsd:string"/>
      <element name="relationshipTypeList">
        <complexType>
          <sequence>
            <element ref="cus:relationshipType" maxOccurs="unbounded"/>
          </sequence>
        </complexType>
      </element>
      <element name="sfdcCustomerId" type="xsd:string"/>
      <element name="sfdcCustomerIdList">
        <complexType>
          <sequence>
            <element ref="cus:sfdcCustomerId" minOccurs="0" maxOccurs="unbounded"/>
          </sequence>
        </complexType>
      </element>
      <element name="storeID">
        <simpleType>
          <restriction base="xsd:string">
            <maxLength value="30"/>
          </restriction>
        </simpleType>
      </element>
      <element name="titleList">
        <complexType>
          <sequence>
            <element ref="cus:materialID" minOccurs="0" maxOccurs="unbounded"/>
          </sequence>
        </complexType>
      </element>
      <element name="transactionType" type="xsd:string"/>
    </schema>
  </wsdl:types>
  <wsdl:service name="submitSample">
    <wsdl:documentation>.</wsdl:documentation>
    <wsdl:port name="SOAPEventSource" binding="tns:SOAPEventSourceBinding">
      <soap:address location="http://hyddl2213:9002/BusinessProcesses/Order/SubmitSample/MainProcesses/submitSample"/>
    </wsdl:port>
  </wsdl:service>
  <wsdl:portType name="order">
    <wsdl:operation name="submitSample">
      <wsdl:input message="tns:submitSampleRequest"/>
      <wsdl:output message="tns:submitSampleResponse"/>
      <wsdl:fault name="orderException" message="tns:orderException"/>
    </wsdl:operation>
  </wsdl:portType>
  <wsdl:binding name="SOAPEventSourceBinding" type="tns:order">
    <soap:binding style="document" transport="http://schemas.xmlsoap.org/soap/http"/>
    <wsdl:operation name="submitSample">
      <soap:operation style="document" soapAction="/BusinessProcesses/Order/SubmitSale/MainProcesses/SubmitSampleOrder"/>
      <wsdl:input>
        <soap:body use="literal" parts="submitSampleRequest"/>
      </wsdl:input>
      <wsdl:output>
        <soap:body use="literal" parts="submitSampleResponse"/>
      </wsdl:output>
      <wsdl:fault name="orderException">
        <soap:fault use="literal" name="orderException"/>
      </wsdl:fault>
    </wsdl:operation>
  </wsdl:binding>
  <wsdl:message name="submitSampleRequest">
    <wsdl:part name="submitSampleRequest" element="ns0:submitSampleRequest"/>
  </wsdl:message>
  <wsdl:message name="submitSampleResponse">
    <wsdl:part name="submitSampleResponse" element="ns0:submitSampleResponse"/>
  </wsdl:message>
  <wsdl:message name="orderException">
    <wsdl:part name="orderException" element="ns0:orderException"/>
  </wsdl:message>
</wsdl:definitions>]]></con:content><con:type>http://schemas.xmlsoap.org/wsdl/</con:type></con:part></con:definitionCache><con:endpoints><con:endpoint>http://neduapp001a:9002/BusinessProcesses/Order/SubmitSample/MainProcesses/submitSample</con:endpoint><con:endpoint>http://hyddl2213:9002/BusinessProcesses/Order/SubmitSample/MainProcesses/submitSample</con:endpoint><con:endpoint>http://neduapp001:9002/BusinessProcesses/Order/SubmitSample/MainProcesses/submitSample</con:endpoint></con:endpoints><con:operation isOneWay="false" action="/BusinessProcesses/Order/SubmitSale/MainProcesses/SubmitSampleOrder" name="submitSample" bindingOperationName="submitSample" type="Request-Response" inputName="" receivesAttachments="false" sendsAttachments="false" anonymous="optional"><con:settings/><con:call name="Request 2"><con:settings/><con:encoding>UTF-8</con:encoding><con:endpoint>http://neduapp001a:9002/BusinessProcesses/Order/SubmitSample/MainProcesses/submitSample</con:endpoint><con:request><![CDATA[<soapenv:Envelope xmlns:soapenv="http://schemas.xmlsoap.org/soap/envelope/" xmlns:ord="http://www.hmco.com/EAI/OTS/Order" xmlns:cus="http://www.hmco.com/EAI/OTS/Customer" xmlns:mat="http://www.hmco.com/EAI/OTS/Material">
   <soapenv:Header/>
   <soapenv:Body>
      <ord:submitSampleRequest>
         <ord:submitSampleTranAction>TRAN_ACTION_RELEASE</ord:submitSampleTranAction>
         <ord:sampleHeader>
            <ord:soldToCustomerID>0000217230</ord:soldToCustomerID>
            <ord:shipToCustomerID>0000217230</ord:shipToCustomerID>
            <ord:entryDivision>DIVISION_SCHOOL</ord:entryDivision>
            <ord:toAttentionLine>TITLE 111 CONSULTING TEACHER</ord:toAttentionLine>
           
            <ord:overrideAddress>
          
               <cus:customerName>Edgewood Elementary School</cus:customerName>
         
               <cus:addressLine1>8655 Emnora Ln</cus:addressLine1>
            
               <cus:city>Houston</cus:city>
               <cus:state>TX</cus:state>
               <cus:zipcode>77080</cus:zipcode>
               <cus:countryCode>US</cus:countryCode>
                             
            </ord:overrideAddress>
            <ord:orderSource>ORDER_SOURCE_SCHOOL_SFA</ord:orderSource>
            <ord:shipmentMethod>SHIPMENT_METHOD_STANDARD</ord:shipmentMethod>
            <ord:allowSubstitutionsFlag>true</ord:allowSubstitutionsFlag>
            
        
         </ord:sampleHeader>

         <ord:sampleLineItemList>
           
            <ord:sampleLineItem>
               <ord:lineNo>10</ord:lineNo>
               <ord:materialKey>
               <ord:materialID>000000000001402574</ord:materialID>
                       
               </ord:materialKey>
               <ord:quantity>1</ord:quantity>
          
            </ord:sampleLineItem>

            

         </ord:sampleLineItemList>
       
         <ord:poNumber>SF000758013-TITLE 111</ord:poNumber>
         <ord:submitForManualCorrection>false</ord:submitForManualCorrection>
         
         <ord:tranType>TRANSACTION_TYPE_SAMPLE</ord:tranType>
      </ord:submitSampleRequest>
   </soapenv:Body>
</soapenv:Envelope>]]></con:request><con:wsaConfig mustUnderstand="NONE" version="200508" action="/BusinessProcesses/Order/SubmitSale/MainProcesses/SubmitSampleOrder"/><con:wsrmConfig version="1.2"/></con:call></con:operation></con:interface><con:properties/><con:wssContainer/></con:soapui-project>